player,nationality,position,team,age,passes_completed,passes_pct,passes_total_distance,passes_pct_short,passes_pct_medium,passes_pct_long,assists,xg_assist,passes_into_final_third,passes_into_penalty_area,crosses_into_penalty_area,progressive_passes
Max Aarons,engENG,DF,Bournemouth,25-097,50,79.4,887,84.0,82.8,57.1,0,0.0,8,0,0,8
Joshua Acheampong,engENG,DF,Chelsea,18-341,104,83.9,2025,90.6,92.6,55.0,0,0.0,6,0,0,8
Tyler Adams,usUSA,MF,Bournemouth,26-056,607,83.4,9588,88.9,87.8,55.6,3,0.8,48,2,1,54
Tosin Adarabioyo,engENG,DF,Chelsea,27-199,931,91.3,16998,95.7,94.8,60.9,1,0.2,49,1,0,34
Simon Adingra,ciCIV,"FW,MF",Brighton,23-100,193,74.5,2731,85.7,73.7,52.4,1,1.4,4,9,3,12
Emmanuel Agbadou,ciCIV,DF,Wolves,27-298,423,82.9,8523,91.6,90.2,59.4,0,0.1,17,1,0,19
Asher Agbinone,engENG,MF,Crystal Palace,19-195,2,66.7,32,100.0,50.0,N/a,0,0.0,0,0,0,0
Ola Aina,ngNGA,DF,Nott'ham Forest,28-185,839,73.3,12948,88.1,72.8,36.1,1,0.7,78,15,7,91
Rayan Aït-Nouri,dzALG,DF,Wolves,23-309,1170,84.4,16246,93.5,87.0,41.5,5,3.5,64,23,5,95
Kristoffer Ajer,noNOR,DF,Brentford,26-359,453,78.0,7119,86.6,79.3,50.0,0,1.2,39,6,4,49
Manuel Akanji,chSUI,DF,Manchester City,29-266,1389,93.9,22799,96.0,95.5,73.9,0,0.4,149,11,2,135
Nathan Aké,nlNED,DF,Manchester City,30-052,509,93.9,8321,98.0,97.1,58.8,0,0.0,42,1,0,50
Carlos Alcaraz,arARG,MF,Southampton,22-132,13,100.0,221,100.0,100.0,100.0,0,0.1,4,1,1,6
Carlos Alcaraz,arARG,"MF,FW",Everton,22-132,122,76.7,2124,85.5,87.1,55.0,1,1.1,9,12,1,20
Trent Alexander-Arnold,engENG,DF,Liverpool,26-186,1321,73.9,25377,90.0,76.0,50.4,6,6.7,187,62,20,204
Alisson,brBRA,GK,Liverpool,32-191,538,83.4,11965,98.8,98.6,48.7,0,0.6,10,0,0,0
Miguel Almirón,pyPAR,FW,Newcastle Utd,31-060,54,81.8,707,92.9,81.3,33.3,0,0.3,3,1,0,6
Edson Álvarez,mxMEX,MF,West Ham,27-169,763,85.7,12894,88.8,89.7,73.5,1,0.8,80,11,3,75
Will Alves,engENG,FW,Leicester City,20-067,1,100.0,12,100.0,N/a,N/a,0,0.0,0,0,0,0
Harry Amass,engENG,DF,Manchester Utd,18-026,14,70.0,158,88.9,44.4,100.0,0,0.0,1,0,0,1
Samuel Amo-Ameyaw,engENG,"FW,DF",Southampton,18-267,8,88.9,107,100.0,66.7,N/a,0,0.1,0,1,1,0
Mathis Amougou,frFRA,MF,Chelsea,19-083,7,100.0,69,100.0,100.0,N/a,0,0.0,2,0,0,1
Joachim Andersen,dkDEN,DF,Crystal Palace,28-315,61,73.5,1227,90.5,83.8,42.9,0,0.0,9,1,0,4
Joachim Andersen,dkDEN,DF,Fulham,28-315,1291,83.1,28499,91.9,93.7,56.3,0,0.3,151,4,1,95
Elliot Anderson,engENG,MF,Nott'ham Forest,22-156,812,78.4,12860,88.8,80.8,46.2,6,3.0,81,15,2,108
André,brBRA,MF,Wolves,23-269,927,92.7,14806,95.1,95.6,79.5,0,0.6,88,4,0,83
Michail Antonio,jmJAM,FW,West Ham,35-014,114,60.6,2183,72.2,59.7,71.0,1,1.6,11,6,2,18
Antony,brBRA,"DF,MF",Manchester Utd,25-046,56,81.2,688,88.2,64.3,100.0,0,0.1,1,5,2,6
Julian Araujo,mxMEX,DF,Bournemouth,23-241,131,78.9,2297,89.6,85.9,40.9,0,0.0,15,1,0,14
Cameron Archer,engENG,FW,Southampton,23-264,170,81.0,2235,86.6,90.2,55.6,0,0.3,5,7,0,13
Alphonse Areola,frFRA,GK,West Ham,32-043,539,70.1,14590,99.1,95.3,44.1,0,0.0,7,0,0,0
Joe Aribo,ngNGA,"MF,DF",Southampton,28-264,878,88.5,13041,91.3,90.9,68.9,0,1.6,50,4,1,71
Adam Armstrong,engENG,"FW,MF",Southampton,28-060,231,80.2,3320,87.3,85.3,46.2,2,1.2,10,8,2,21
Harrison Armstrong,engENG,MF,Everton,18-082,7,46.7,149,75.0,40.0,50.0,0,0.1,1,0,0,1
Kepa Arrizabalaga,esESP,GK,Bournemouth,30-190,567,71.5,15640,97.8,98.0,46.6,0,0.0,8,0,0,0
Marco Asensio,esESP,"MF,FW",Aston Villa,29-080,106,81.5,1505,90.8,88.1,38.5,1,0.3,10,6,1,22
Brandon Austin,engENG,GK,Tottenham,26-093,22,68.8,526,100.0,100.0,37.5,0,0.0,0,0,0,0
Taiwo Awoniyi,ngNGA,FW,Nott'ham Forest,27-242,57,65.5,629,75.5,54.2,0.0,0,0.1,5,2,0,7
Yasin Ayari,seSWE,MF,Brighton,21-187,600,80.3,9004,91.1,83.3,35.1,1,2.1,36,14,2,58
Jordan Ayew,ghGHA,"FW,MF",Crystal Palace,33-212,8,80.0,167,100.0,66.7,100.0,0,0.0,0,0,0,0
Jordan Ayew,ghGHA,"FW,MF",Leicester City,33-212,316,72.3,4618,85.7,73.5,35.6,0,0.8,20,11,6,31
Benoît Badiashile,frFRA,DF,Chelsea,24-016,273,89.8,4820,93.3,93.8,65.6,0,0.0,37,1,0,17
Leon Bailey,jmJAM,"FW,MF",Aston Villa,27-245,273,70.7,4275,81.4,81.1,47.4,2,1.5,16,20,2,35
Carlos Baleba,cmCMR,MF,Brighton,21-098,831,86.7,13942,92.3,90.4,65.3,1,1.1,92,22,2,99
Ross Barkley,engENG,MF,Aston Villa,31-127,317,86.4,4962,88.2,92.4,72.2,1,0.6,29,6,0,32
Harvey Barnes,engENG,FW,Newcastle Utd,27-123,300,78.7,4229,85.8,75.2,60.0,3,3.1,17,28,6,56
Calvin Bassey,ngNGA,DF,Fulham,25-101,1586,89.6,27959,94.6,94.3,61.3,0,0.1,112,1,0,89
Jan Bednarek,plPOL,DF,Southampton,28-364,1390,92.4,24478,95.2,94.2,77.1,0,0.5,66,0,0,55
Armel Bella Kotchap,deGER,DF,Southampton,23-121,202,90.2,3829,98.5,96.7,55.2,0,0.0,6,0,0,5
Jean-Ricner Bellegarde,frFRA,"MF,FW",Wolves,26-288,395,79.6,6117,89.5,81.2,60.0,6,3.6,27,15,7,35
Rodrigo Bentancur,uyURU,MF,Tottenham,27-290,829,88.5,13241,92.1,92.7,72.7,0,0.4,94,11,2,84
Sander Berge,noNOR,MF,Fulham,27-056,890,90.6,15889,91.1,93.8,84.0,0,0.6,96,3,0,94
Lucas Bergvall,seSWE,MF,Tottenham,19-068,585,88.5,9628,92.5,91.2,73.8,1,0.5,49,7,3,45
Victor Bernth Kristiansen,dkDEN,DF,Leicester City,22-116,1007,77.6,16181,89.6,80.1,41.4,1,1.4,74,23,18,69
Beto,gwGNB,FW,Everton,27-070,108,57.8,1464,68.1,50.9,85.7,0,0.7,4,2,0,8
Philip Billing,dkDEN,MF,Bournemouth,28-304,70,68.6,1023,84.3,70.4,26.7,0,1.1,9,7,2,15
Yves Bissouma,mlMLI,MF,Tottenham,28-224,654,89.1,9984,92.7,93.1,62.3,0,0.3,55,10,1,69
Oscar Bobb,noNOR,FW,Manchester City,21-273,2,100.0,37,100.0,100.0,N/a,0,0.0,0,0,0,0
Lamare Bogarde,nlNED,"DF,MF",Aston Villa,21-096,240,88.2,3682,92.8,92.2,33.3,0,0.1,24,1,0,14
Willy Boly,ciCIV,DF,Nott'ham Forest,34-067,55,78.6,1010,90.9,93.8,26.7,0,0.0,3,0,0,2
Sven Botman,nlNED,DF,Newcastle Utd,25-089,113,88.3,1909,84.4,98.0,66.7,0,0.0,6,0,0,3
Jarrod Bowen,engENG,"FW,MF",West Ham,28-112,463,71.0,7656,83.2,76.5,52.4,5,5.3,36,39,6,80
Conor Bradley,nirNIR,DF,Liverpool,21-276,260,83.3,3892,91.5,89.1,30.4,1,0.3,13,2,1,18
Jarrad Branthwaite,engENG,DF,Everton,22-288,720,81.3,13969,88.4,91.3,51.3,1,0.6,65,2,0,49
James Bree,engENG,DF,Southampton,27-182,437,83.9,6984,90.8,88.3,51.1,1,0.9,25,6,5,30
Ben Brereton,clCHI,FW,Southampton,25-358,128,77.1,1836,87.4,67.9,63.6,0,0.1,9,2,1,9
Nathan Broadhead,wlsWAL,"MF,FW",Ipswich Town,27-006,147,77.0,2116,87.3,79.7,27.3,0,0.6,10,4,0,11
Armando Broja,alALB,FW,Everton,23-213,34,79.1,421,84.6,88.9,66.7,0,0.1,2,0,0,2
David Brooks,wlsWAL,"FW,MF",Bournemouth,27-277,228,73.3,3546,84.2,75.7,48.5,0,1.7,15,14,5,26
Emi Buendía,arARG,"MF,FW",Aston Villa,28-107,49,81.7,624,91.7,85.7,20.0,0,0.0,4,1,0,7
Santiago Bueno,uyURU,DF,Wolves,26-153,689,88.0,12663,92.7,93.7,56.5,0,0.0,21,1,0,27
Facundo Buonanotte,arARG,"FW,MF",Leicester City,20-109,413,77.1,6526,85.9,81.8,49.3,2,3.0,36,13,2,49
Cameron Burgess,auAUS,DF,Ipswich Town,29-172,488,81.1,8758,90.7,87.0,49.0,1,0.5,38,3,0,36
Dan Burn,engENG,DF,Newcastle Utd,32-337,1361,89.5,24481,91.5,95.0,61.7,0,0.5,24,6,0,45
Wes Burns,wlsWAL,"FW,DF",Ipswich Town,30-139,153,60.5,2416,80.4,65.4,38.9,1,1.6,8,8,7,8
Moisés Caicedo,ecECU,MF,Chelsea,23-160,1642,89.6,28489,92.0,92.6,77.8,2,2.8,194,28,2,166
Tom Cairney,sctSCO,MF,Fulham,34-081,433,92.1,6800,94.4,95.4,78.8,0,0.7,43,7,3,45
Jens Cajuste,seSWE,MF,Ipswich Town,25-244,534,82.7,8899,89.3,85.5,50.9,0,0.6,42,5,1,44
Riccardo Calafiori,itITA,DF,Arsenal,22-327,449,85.4,6549,91.6,85.7,67.9,1,0.3,40,9,1,54
Dominic Calvert-Lewin,engENG,FW,Everton,28-026,174,62.6,2035,70.0,58.3,37.5,1,0.6,19,5,1,19
Diego Carlos,brBRA,DF,Aston Villa,32-027,534,88.6,10941,91.4,94.2,65.1,0,0.0,23,1,0,34
Fabio Carvalho,ptPOR,"FW,MF",Brentford,22-224,126,70.8,1755,83.0,71.1,38.9,1,0.7,11,5,1,17
Casemiro,brBRA,MF,Manchester Utd,33-047,637,78.7,10614,86.3,83.9,60.9,0,2.2,64,19,6,65
Kaelan Casey,engENG,DF,West Ham,20-165,0,N/a,0,N/a,N/a,N/a,0,0.0,0,0,0,0
Matty Cash,plPOL,DF,Aston Villa,27-247,523,78.1,8602,89.6,78.8,47.7,1,1.1,32,5,4,32
Eiran Cashin,ieIRL,DF,Brighton,23-153,22,84.6,391,90.0,100.0,25.0,0,0.0,4,0,0,5
Timothy Castagne,beBEL,DF,Fulham,29-127,725,82.1,11618,90.5,85.8,50.7,1,1.2,47,5,3,58
Trevoh Chalobah,engENG,DF,Crystal Palace,25-280,349,79.0,6831,88.7,85.2,51.2,0,0.4,27,2,1,34
Trevoh Chalobah,engENG,DF,Chelsea,25-280,326,90.3,5861,94.4,94.7,65.0,1,1.2,23,1,0,18
Conor Chaplin,engENG,"MF,FW",Ipswich Town,28-054,171,73.4,2676,83.3,78.1,35.3,1,0.6,17,7,2,25
Youssef Chermiti,ptPOR,"FW,MF",Everton,20-322,2,40.0,44,33.3,N/a,100.0,0,0.0,0,0,0,1
Federico Chiesa,itITA,FW,Liverpool,27-168,21,84.0,247,93.8,66.7,100.0,0,0.0,3,0,0,2
Ben Chilwell,engENG,DF,Crystal Palace,28-111,35,63.6,485,84.6,60.0,11.1,0,0.2,4,2,0,3
Chiquinho,ptPOR,MF,Wolves,25-065,3,100.0,71,100.0,100.0,100.0,0,0.0,0,1,1,0
Hamza Choudhury,bdBAN,"MF,DF",Leicester City,27-192,72,85.7,991,94.0,79.3,50.0,0,0.4,10,1,1,3
Ryan Christie,sctSCO,MF,Bournemouth,30-048,837,79.3,14882,88.2,87.9,48.8,3,3.5,118,33,5,137
Harry Clarke,engENG,DF,Ipswich Town,24-040,190,80.5,3442,91.6,87.5,57.5,0,0.0,21,1,0,14
Jack Clarke,engENG,"FW,MF",Ipswich Town,24-139,237,76.7,3880,87.1,87.8,46.2,4,1.9,21,5,0,28
Nathaniel Clyne,engENG,"DF,MF",Crystal Palace,34-006,165,76.0,3026,80.7,89.2,46.7,0,0.3,16,2,1,7
Conor Coady,engENG,DF,Leicester City,32-045,617,90.7,10705,97.0,96.4,54.4,0,0.1,28,2,0,26
Séamus Coleman,ieIRL,DF,Everton,36-182,57,72.2,1046,93.1,77.4,37.5,0,0.0,6,0,0,8
Nathan Collins,ieIRL,DF,Brentford,23-346,1429,85.8,27106,88.2,92.4,59.1,1,1.4,92,7,2,106
Toby Collyer,engENG,MF,Manchester Utd,21-098,76,82.6,1127,86.0,86.5,75.0,0,0.3,3,1,0,5
Levi Colwill,engENG,DF,Chelsea,22-044,1955,89.6,35488,92.8,94.9,58.5,1,1.1,129,6,2,109
Lewis Cook,engENG,"MF,DF",Bournemouth,28-067,1071,76.5,18616,84.9,84.4,45.9,3,4.1,144,25,10,147
Maxwel Cornet,ciCIV,FW,Southampton,28-196,17,77.3,262,90.0,75.0,50.0,0,0.0,0,0,0,0
Vladimír Coufal,czCZE,DF,West Ham,32-232,297,76.2,4984,87.5,77.8,44.6,0,0.6,28,12,7,28
Woyo Coulibaly,frFRA,DF,Leicester City,25-326,48,84.2,797,82.4,84.2,100.0,0,0.0,3,0,0,3
Aaron Cresswell,engENG,DF,West Ham,35-117,355,80.7,6769,90.8,85.9,54.9,0,1.1,40,4,1,24
Marc Cucurella,esESP,DF,Chelsea,26-263,1359,88.1,21166,94.4,89.8,55.3,1,1.7,100,10,3,91
Jorge Cuenca,esESP,DF,Fulham,25-145,102,83.6,1768,89.5,88.2,42.9,0,0.0,7,0,0,9
Matheus Cunha,brBRA,"MF,FW",Wolves,25-319,638,70.3,10202,84.0,74.9,43.6,4,6.6,78,48,9,112
Patson Daka,zmZAM,"FW,MF",Leicester City,26-184,91,71.7,1272,79.7,73.2,100.0,0,0.0,5,1,0,8
Diogo Dalot,ptPOR,DF,Manchester Utd,26-024,1290,80.6,20836,89.6,82.2,56.5,2,1.9,57,23,8,96
Mikkel Damsgaard,dkDEN,"MF,FW",Brentford,24-282,899,72.9,15309,85.4,73.3,52.7,10,7.3,136,58,15,195
Danilo,brBRA,"MF,FW",Nott'ham Forest,23-347,74,79.6,1226,83.3,82.9,85.7,0,0.0,10,0,0,10
Jayden Danns,engENG,MF,Liverpool,19-085,1,100.0,6,100.0,N/a,N/a,0,0.0,0,0,0,0
Kevin Danso,atAUT,DF,Tottenham,26-204,261,90.9,4534,93.3,94.3,55.0,0,0.0,14,1,1,7
Ben Davies,wlsWAL,DF,Tottenham,31-352,576,89.6,10749,92.9,94.6,68.5,0,0.1,32,1,0,38
Leif Davis,engENG,DF,Ipswich Town,25-089,833,71.4,14326,85.7,77.2,37.4,2,4.3,29,26,11,55
Craig Dawson,engENG,DF,Wolves,34-340,484,86.6,9745,92.5,93.0,60.0,0,0.0,22,1,0,20
Kevin De Bruyne,beBEL,MF,Manchester City,33-287,654,76.7,11147,85.9,78.2,60.6,6,6.1,64,44,9,116
Liam Delap,engENG,FW,Ipswich Town,22-062,199,61.2,2780,70.3,63.0,40.9,2,1.9,15,6,0,29
Sepp van den Berg,nlNED,DF,Brentford,23-112,797,83.8,13543,86.7,88.3,65.0,0,0.2,49,3,1,58
Justin Devenny,nirNIR,MF,Crystal Palace,21-182,99,70.2,1572,81.8,69.4,36.8,0,0.3,13,2,1,10
Kiernan Dewsbury-Hall,engENG,"MF,FW",Chelsea,26-217,127,84.1,1898,91.5,83.9,55.6,1,1.1,12,3,0,14
Amad Diallo,ciCIV,"FW,MF",Manchester Utd,22-274,658,82.9,9051,90.4,85.3,52.4,6,3.9,25,29,5,53
Rúben Dias,ptPOR,DF,Manchester City,27-332,1577,93.6,27269,96.9,96.1,69.8,0,0.3,150,5,0,102
Luis Díaz,coCOL,FW,Liverpool,28-088,640,84.8,10318,89.3,87.1,82.8,5,4.2,40,37,4,96
Tyler Dibling,engENG,"FW,MF",Southampton,19-030,435,80.7,6507,90.0,84.9,42.5,0,1.5,23,20,1,59
Lucas Digne,frFRA,DF,Aston Villa,31-265,893,75.1,14338,88.2,78.7,37.7,4,4.1,41,27,17,51
Issa Diop,frFRA,DF,Fulham,28-092,663,87.5,12350,92.5,92.9,52.9,0,0.1,43,1,0,25
Axel Disasi,frFRA,DF,Aston Villa,27-031,238,87.5,4012,94.3,90.8,53.3,0,0.4,14,3,0,15
Axel Disasi,frFRA,DF,Chelsea,27-031,266,90.8,4218,94.4,92.9,69.2,0,0.1,20,2,0,16
Roman Dixon,engENG,DF,Everton,20-106,11,57.9,205,75.0,50.0,33.3,0,0.0,3,0,0,0
Nasser Djiga,bfBFA,DF,Wolves,22-147,8,100.0,113,100.0,100.0,N/a,0,0.0,0,0,0,0
Matt Doherty,ieIRL,DF,Wolves,33-085,890,81.9,16480,89.6,86.3,60.6,1,1.5,85,13,1,73
Jeremy Doku,beBEL,"FW,MF",Manchester City,22-319,497,79.5,6986,86.5,82.2,66.7,4,3.5,10,40,5,59
Nicolás Domínguez,arARG,"MF,FW",Nott'ham Forest,26-287,628,86.4,9044,91.1,89.2,61.4,0,1.2,59,8,0,58
Patrick Dorgu,dkDEN,DF,Manchester Utd,20-167,194,79.8,2707,87.3,74.4,44.4,0,0.4,12,6,2,19
Alfie Dorrington,engENG,DF,Tottenham,19-356,15,93.8,304,85.7,100.0,100.0,0,0.0,0,0,0,0
Abdoulaye Doucouré,mlMLI,MF,Everton,32-100,602,79.2,9120,84.6,82.7,71.4,1,2.0,39,13,0,67
Cheick Doucouré,mlMLI,MF,Crystal Palace,25-093,174,85.3,2909,89.4,89.7,80.0,0,0.0,17,3,0,19
Flynn Downes,engENG,MF,Southampton,26-081,782,89.9,11569,92.9,92.4,66.7,0,0.9,47,9,0,55
Tommy Doyle,engENG,MF,Wolves,23-176,321,81.9,6591,94.1,89.0,65.6,1,0.5,44,3,0,40
Radu Drăgușin,roROU,DF,Tottenham,23-067,716,85.2,13638,91.0,93.0,43.9,0,0.4,52,2,1,37
Martin Dúbravka,skSVK,GK,Newcastle Utd,36-086,265,79.6,5932,100.0,100.0,40.2,0,0.0,0,0,0,0
Lewis Dunk,engENG,DF,Brighton,33-141,1514,90.8,28354,96.7,95.1,62.3,0,0.5,142,4,0,127
Jáder Durán,coCOL,FW,Aston Villa,21-119,115,70.6,1558,81.0,68.0,45.5,0,0.2,10,1,0,13
Ederson,brBRA,GK,Manchester City,31-237,664,87.6,16312,100.0,98.2,64.0,3,0.8,19,1,0,1
George Edmundson,engENG,DF,Ipswich Town,27-223,1,50.0,9,100.0,N/a,N/a,0,0.0,0,0,0,0
Odsonne Édouard,frFRA,"MF,FW",Crystal Palace,27-085,17,60.7,230,68.8,57.1,100.0,0,0.0,2,0,0,4
Odsonne Édouard,frFRA,FW,Leicester City,27-085,6,75.0,59,75.0,100.0,N/a,0,0.0,0,0,0,1
Samuel Edozie,engENG,"DF,FW",Southampton,22-073,25,75.8,316,90.5,85.7,0.0,0,0.1,0,3,0,4
Ronnie Edwards,engENG,DF,Southampton,22-014,5,100.0,109,N/a,100.0,N/a,0,0.0,0,0,0,0
Anthony Elanga,seSWE,FW,Nott'ham Forest,22-349,410,65.0,5916,84.4,63.2,33.7,8,4.3,25,22,6,46
Harvey Elliott,engENG,"MF,FW",Liverpool,22-007,134,79.8,2369,92.3,75.9,66.7,1,0.8,12,4,0,23
Yunus Emre Konak,trTUR,"FW,MF",Brentford,19-091,20,74.1,329,80.0,83.3,75.0,0,0.0,1,0,0,2
Julio Enciso,pyPAR,"FW,MF",Ipswich Town,21-078,106,70.7,1671,77.9,73.1,58.3,2,1.0,9,5,0,18
Julio Enciso,pyPAR,"MF,FW",Brighton,21-078,99,66.0,1464,81.3,72.5,22.7,0,0.2,13,4,1,14
Wataru Endo,jpJPN,MF,Liverpool,32-061,79,94.0,1254,95.2,96.9,100.0,0,0.0,8,1,0,9
Christian Eriksen,dkDEN,MF,Manchester Utd,33-056,436,79.9,7387,92.5,79.9,48.9,1,2.4,41,6,1,40
Romain Esse,engENG,MF,Crystal Palace,19-333,3,60.0,63,50.0,100.0,50.0,0,0.0,1,0,0,1
Pervis Estupiñán,ecECU,DF,Brighton,27-080,1055,83.6,16073,93.3,83.3,52.5,1,1.9,73,27,18,86
Evanilson,brBRA,FW,Bournemouth,25-187,173,69.5,2106,73.5,70.6,80.0,0,1.5,12,2,0,17
Jonny Evans,nirNIR,DF,Manchester Utd,37-098,174,88.8,2809,94.3,90.0,50.0,0,0.0,9,1,0,8
Eberechi Eze,engENG,"MF,FW",Crystal Palace,26-286,660,74.4,11071,85.5,83.0,43.5,8,4.7,44,30,3,83
Łukasz Fabiański,plPOL,GK,West Ham,39-358,304,67.0,8756,100.0,99.3,41.3,0,0.0,4,0,0,0
Wout Faes,beBEL,DF,Leicester City,27-008,1082,86.9,20017,93.3,94.5,52.0,0,0.1,72,5,0,72
Abdul Fatawu Issahaku,ghGHA,FW,Leicester City,21-034,123,62.4,2150,72.8,76.3,48.5,2,1.6,7,7,2,17
João Félix,ptPOR,"FW,MF",Chelsea,25-152,171,85.9,2588,90.5,91.2,66.7,1,1.0,22,8,0,26
Evan Ferguson,ieIRL,FW,West Ham,20-174,25,78.1,290,83.3,66.7,0.0,0,0.3,0,0,0,0
Evan Ferguson,ieIRL,FW,Brighton,20-174,43,74.1,484,86.1,72.7,25.0,0,0.4,1,0,0,1
Bruno Fernandes,ptPOR,MF,Manchester Utd,30-215,1388,75.0,24560,86.4,80.2,52.9,9,6.6,166,60,9,251
Mateus Fernandes,ptPOR,MF,Southampton,20-275,884,79.5,15050,87.1,85.5,56.1,3,2.4,78,19,4,120
Enzo Fernández,arARG,MF,Chelsea,24-084,1266,80.7,22233,89.6,85.0,59.1,5,5.3,140,31,4,173
Mark Flekken,nlNED,GK,Brentford,31-302,1044,73.3,30510,97.8,97.4,49.4,1,0.2,42,2,0,0
Phil Foden,engENG,"MF,FW",Manchester City,24-318,742,84.0,11563,90.6,89.2,59.6,2,4.7,40,35,5,95
Wesley Fofana,frFRA,DF,Chelsea,24-115,724,90.2,12262,93.9,92.5,61.9,0,0.4,54,1,0,32
Carlos Forbs,ptPOR,"MF,FW",Wolves,21-023,56,64.4,739,75.0,72.0,20.0,0,0.0,2,3,1,8
Fraser Forster,engENG,GK,Tottenham,37-025,168,84.8,3349,98.2,95.6,48.9,0,0.0,1,0,0,0
Matheus França,brBRA,"MF,DF",Crystal Palace,21-010,2,50.0,44,N/a,50.0,N/a,0,0.0,1,0,0,2
Ryan Fraser,sctSCO,"FW,DF",Southampton,31-046,77,74.8,1121,93.5,70.0,30.0,0,0.1,3,1,0,8
Niclas Füllkrug,deGER,FW,West Ham,32-061,69,63.9,920,73.7,57.1,50.0,1,1.5,4,2,0,5
Cody Gakpo,nlNED,FW,Liverpool,25-339,375,76.2,5304,86.6,67.5,57.1,3,3.5,21,22,6,46
Idrissa Gana Gueye,snSEN,MF,Everton,35-197,960,86.3,16143,90.2,90.5,72.6,3,1.7,117,8,3,112
Andrés García,esESP,"DF,MF",Aston Villa,22-063,169,86.7,2644,92.5,91.1,53.8,0,0.2,9,8,5,15
Alejandro Garnacho,arARG,"MF,FW",Manchester Utd,20-284,530,79.7,7473,89.6,82.3,59.1,1,2.8,19,20,3,46
James Garner,engENG,"MF,DF",Everton,24-029,313,70.0,5364,81.1,78.8,42.9,1,1.1,27,5,2,27
Tyrique George,engENG,FW,Chelsea,19-066,36,83.7,480,95.0,82.4,0.0,1,0.7,0,1,0,2
Morgan Gibbs-White,engENG,MF,Nott'ham Forest,25-074,803,78.8,12231,85.1,82.5,58.9,7,4.4,109,35,7,136
Billy Gilmour,sctSCO,MF,Brighton,23-304,58,86.6,980,94.7,81.8,57.1,0,0.0,12,2,0,11
Ben Godfrey,engENG,DF,Ipswich Town,27-086,46,83.6,632,90.9,88.2,N/a,0,0.0,5,1,0,4
Martial Godo,engENG,FW,Fulham,22-028,3,60.0,41,66.7,100.0,0.0,0,0.0,0,0,0,0
João Gomes,brBRA,MF,Wolves,24-058,1112,85.2,16136,90.7,85.8,62.1,1,1.1,104,21,1,140
Rodrigo Gomes,ptPOR,"DF,FW",Wolves,21-278,152,66.1,2270,77.4,68.4,27.3,0,0.8,10,12,4,23
Toti Gomes,ptPOR,DF,Wolves,26-085,1076,84.8,18229,90.8,92.1,51.9,1,0.9,65,5,3,63
Diego Gómez,pyPAR,MF,Brighton,22-015,181,79.4,2768,86.4,83.1,50.0,0,0.5,12,4,1,18
Joe Gomez,engENG,DF,Liverpool,27-323,377,88.7,6689,91.2,93.6,61.9,0,0.1,29,0,0,35
Nicolás González,esESP,MF,Manchester City,23-098,376,92.8,5635,97.7,90.5,75.0,0,0.1,37,2,0,33
Anthony Gordon,engENG,FW,Newcastle Utd,24-046,612,72.0,9404,85.3,76.9,40.5,5,4.9,56,49,16,88
Ryan Gravenberch,nlNED,MF,Liverpool,22-330,1473,89.1,21936,92.3,91.7,61.4,3,2.8,126,28,1,149
Archie Gray,engENG,"DF,MF",Tottenham,19-030,846,89.5,15054,92.6,93.9,62.8,0,0.1,30,0,0,27
Jack Grealish,engENG,"FW,MF",Manchester City,29-213,373,87.6,5566,93.4,87.7,68.0,1,1.8,23,16,0,52
Jacob Greaves,engENG,DF,Ipswich Town,24-211,759,87.4,12401,93.0,92.1,41.3,0,0.0,55,1,0,48
Brajan Gruda,deGER,"FW,MF",Brighton,20-315,131,73.2,1737,82.5,71.4,38.1,1,0.7,7,10,1,17
Albert Grønbaek,dkDEN,"FW,MF",Southampton,23-323,13,72.2,135,81.8,50.0,N/a,0,0.0,2,0,0,1
Gonçalo Guedes,ptPOR,"MF,FW",Wolves,28-133,186,72.7,3117,84.1,76.0,44.8,4,1.1,13,16,5,30
Marc Guéhi,engENG,DF,Crystal Palace,24-272,1271,83.5,24571,91.4,88.8,55.7,2,1.1,115,9,3,119
Luis Guilherme,brBRA,"MF,FW",West Ham,19-061,37,84.1,566,96.2,81.8,60.0,0,0.1,1,3,2,3
Bruno Guimarães,brBRA,MF,Newcastle Utd,27-146,1151,82.0,18950,90.1,87.1,58.5,6,5.3,144,55,4,212
Marc Guiu,esESP,FW,Chelsea,19-097,11,68.8,110,69.2,50.0,N/a,0,0.0,0,0,0,0
İlkay Gündoğan,deGER,MF,Manchester City,34-169,1216,89.1,18727,94.0,92.8,59.0,3,2.5,88,18,2,105
Malo Gusto,frFRA,DF,Chelsea,21-327,1095,86.2,17892,93.5,87.8,61.3,1,1.1,100,14,4,103
Joško Gvardiol,hrCRO,DF,Manchester City,23-078,1983,90.5,31841,94.0,92.4,69.0,0,2.0,189,19,1,218
Erling Haaland,noNOR,FW,Manchester City,24-264,225,66.0,2706,70.6,66.7,66.7,3,2.8,9,7,1,18
Lewis Hall,engENG,DF,Newcastle Utd,20-215,1300,81.7,21999,91.3,85.1,51.5,4,4.3,114,17,5,123
Ali Al Hamadi,iqIRQ,FW,Ipswich Town,23-041,25,83.3,278,87.0,71.4,N/a,0,0.1,0,0,0,3
Marcus Harness,engENG,MF,Ipswich Town,29-046,10,62.5,89,81.8,0.0,0.0,0,0.0,0,2,0,2
Jack Harrison,engENG,FW,Everton,28-142,318,63.6,4941,82.5,68.8,33.3,0,3.5,22,19,7,36
Taylor Harwood-Bellis,engENG,DF,Southampton,23-071,1623,88.1,30077,93.5,91.5,64.1,0,0.8,159,8,0,107
Kai Havertz,deGER,"FW,MF",Arsenal,25-304,401,78.5,4833,84.1,82.5,45.5,3,2.4,26,8,1,59
Ayden Heaven,engENG,DF,Manchester Utd,18-201,40,81.6,695,82.4,88.9,33.3,0,0.0,2,0,0,2
Jan Paul van Hecke,nlNED,DF,Brighton,24-307,1741,88.5,34428,93.5,93.5,66.6,1,1.5,188,15,4,199
Hwang Hee-chan,krKOR,"MF,FW",Wolves,29-075,155,81.2,2021,86.6,85.1,80.0,0,0.1,6,4,2,11
Dean Henderson,engENG,GK,Crystal Palace,28-030,601,62.0,16108,99.3,99.3,29.7,0,0.1,14,1,0,0
Rico Henry,engENG,DF,Brentford,27-277,2,40.0,44,33.3,100.0,0.0,0,0.0,0,0,0,0
Mads Hermansen,dkDEN,GK,Leicester City,24-274,579,61.8,15153,98.6,94.8,33.4,0,0.0,19,1,0,1
Son Heung-min,krKOR,FW,Tottenham,32-277,703,79.0,9833,89.7,80.0,48.0,9,8.2,36,51,6,104
James Hill,engENG,DF,Bournemouth,23-091,159,64.9,3098,76.1,77.3,36.2,1,0.3,20,6,0,16
Jack Hinshelwood,engENG,"DF,MF",Brighton,20-000,663,83.1,10135,92.3,84.0,51.6,0,0.9,25,8,2,52
George Hirst,sctSCO,FW,Ipswich Town,26-055,40,54.1,418,67.4,40.0,0.0,1,0.3,0,3,0,10
Mason Holgate,engENG,"FW,DF",Everton,28-171,2,100.0,55,N/a,100.0,100.0,0,0.0,0,0,0,0
Callum Hudson-Odoi,engENG,FW,Nott'ham Forest,24-155,629,82.2,9137,92.2,82.0,49.4,2,2.7,33,29,9,63
Will Hughes,engENG,MF,Crystal Palace,29-359,603,76.6,9738,88.5,82.9,39.6,3,2.5,63,14,3,79
Dean Huijsen,esESP,DF,Bournemouth,19-362,1006,83.6,20544,89.1,90.7,62.7,1,1.9,125,7,2,92
Omari Hutchinson,engENG,"MF,FW",Ipswich Town,21-163,581,78.3,9129,88.2,84.6,52.7,2,2.5,43,20,9,69
Rasmus Højlund,dkDEN,FW,Manchester Utd,22-066,194,77.0,2114,82.8,71.7,75.0,0,1.2,10,4,0,15
Igor,brBRA,DF,Brighton,27-063,628,92.1,11358,96.5,95.2,71.4,0,0.2,35,2,1,44
Danny Ings,engENG,"FW,MF",West Ham,32-262,63,68.5,830,83.7,65.5,20.0,2,1.3,4,1,0,5
Tim Iroegbunam,engENG,MF,Everton,21-285,105,72.4,1779,71.9,83.7,68.4,1,0.2,10,1,0,14
Andy Irving,sctSCO,MF,West Ham,24-333,109,87.9,1705,95.3,83.7,100.0,0,0.2,14,1,1,9
Alexander Isak,seSWE,FW,Newcastle Utd,25-202,411,73.5,5786,82.6,77.5,61.3,5,3.8,31,20,0,68
Alex Iwobi,ngNGA,"FW,MF",Fulham,28-343,935,74.6,16156,86.1,77.7,55.8,5,6.2,94,68,13,171
Nicolas Jackson,snSEN,FW,Chelsea,23-295,246,74.5,3288,81.5,75.3,61.5,5,4.1,19,6,1,30
Reece James,engENG,"DF,MF",Chelsea,25-124,531,84.7,9538,94.4,88.3,52.8,0,0.5,67,5,1,46
Vitaly Janelt,deGER,MF,Brentford,26-336,857,82.8,14277,90.8,85.5,57.0,3,2.2,78,22,7,79
Vitezslav Jaros,czCZE,GK,Liverpool,23-262,6,75.0,302,N/a,100.0,71.4,0,0.0,2,0,0,0
Daniel Jebbison,engENG,FW,Bournemouth,21-241,25,83.3,228,89.5,100.0,0.0,0,0.2,1,1,0,3
Mathias Jensen,dkDEN,MF,Brentford,29-100,316,75.4,5833,86.9,78.9,54.8,1,1.5,36,16,2,53
Gabriel Jesus,brBRA,FW,Arsenal,28-008,156,76.8,2030,80.5,87.2,66.7,0,0.7,10,9,1,19
Raúl Jiménez,mxMEX,FW,Fulham,33-341,363,70.8,5521,81.0,75.5,59.6,3,2.8,29,8,3,45
Kim Jisoo,krKOR,DF,Brentford,20-108,25,89.3,552,88.9,91.7,85.7,0,0.0,1,0,0,2
João Pedro,brBRA,"FW,MF",Brighton,23-197,438,72.6,6242,78.0,75.0,66.7,6,4.3,38,34,4,71
Joelinton,brBRA,"MF,FW",Newcastle Utd,28-240,787,83.3,11106,88.0,87.3,56.3,1,1.6,76,14,1,109
Ben Johnson,engENG,"DF,FW",Ipswich Town,25-077,266,70.9,4251,86.4,75.0,45.5,1,0.6,19,1,1,22
Brennan Johnson,wlsWAL,FW,Tottenham,23-323,400,71.2,5227,80.9,75.6,33.3,2,2.1,24,29,5,62
Sam Johnstone,engENG,GK,Wolves,32-017,184,66.2,5548,96.9,97.6,45.0,0,0.0,6,0,0,0
Curtis Jones,engENG,"MF,DF",Liverpool,24-071,755,93.3,10971,96.9,92.9,75.0,3,1.0,52,14,0,74
Jorginho,itITA,MF,Arsenal,33-112,346,86.5,5408,90.7,88.4,60.0,0,0.4,36,8,0,42
Diogo Jota,ptPOR,FW,Liverpool,28-128,178,68.7,2570,76.6,74.1,52.9,3,1.8,23,3,1,28
James Justin,engENG,DF,Leicester City,27-047,976,77.1,14988,86.2,83.5,32.8,1,0.5,65,19,7,75
Filip Jørgensen,dkDEN,GK,Chelsea,22-360,158,83.6,2843,100.0,97.5,27.5,0,0.0,1,0,0,0
Ferdi Kadioglu,trTUR,"DF,MF",Brighton,25-186,144,82.3,2372,89.0,82.4,64.3,0,0.2,10,9,4,15
Daichi Kamada,jpJPN,MF,Crystal Palace,28-249,430,79.3,6914,87.9,81.4,58.5,0,1.1,39,11,2,65
Boubacar Kamara,frFRA,MF,Aston Villa,25-139,608,89.0,9508,93.6,91.1,52.4,0,0.5,66,7,0,65
Michael Kayode,itITA,DF,Brentford,20-275,19,63.3,335,63.6,58.8,100.0,0,0.2,2,1,1,1
Michael Keane,engENG,DF,Everton,32-090,253,81.9,5832,89.2,90.2,75.3,0,0.1,17,0,0,12
Caoimhín Kelleher,ieIRL,GK,Liverpool,26-139,289,75.7,6252,100.0,100.0,31.9,0,0.0,6,0,0,0
Lloyd Kelly,engENG,DF,Newcastle Utd,26-187,146,80.7,2636,87.7,89.7,41.7,1,0.5,6,1,1,9
Milos Kerkez,huHUN,DF,Bournemouth,21-155,1060,75.8,16755,89.5,79.2,37.1,5,3.2,76,32,20,130
Bilal El Khannouss,maMAR,MF,Leicester City,20-336,633,75.2,11268,85.8,80.4,58.0,1,2.4,70,24,5,104
Abdukodir Khusanov,uzUZB,DF,Manchester City,21-041,360,91.1,6126,94.7,97.0,26.1,0,0.1,23,0,0,25
Max Kilman,engENG,DF,West Ham,27-323,1357,86.5,26393,92.0,92.6,57.9,1,1.0,89,2,0,99
Joshua King,engENG,"MF,FW",Fulham,18-098,32,86.5,477,90.0,86.7,0.0,0,0.4,2,1,0,4
Antonín Kinský,czCZE,GK,Tottenham,22-029,116,80.0,2699,100.0,96.1,47.9,0,0.1,2,0,0,1
Jakub Kiwior,plPOL,DF,Arsenal,25-055,247,87.3,4543,92.9,93.9,53.3,0,0.2,18,1,0,17
Justin Kluivert,nlNED,"MF,FW",Bournemouth,25-341,451,72.5,7052,82.3,75.2,52.8,6,4.7,37,26,4,88
Ibrahima Konaté,frFRA,DF,Liverpool,25-321,1387,90.4,25493,93.8,94.9,53.5,2,0.9,114,8,0,95
Ezri Konsa,engENG,DF,Aston Villa,27-170,1249,92.4,20884,96.3,95.4,62.2,0,0.2,80,1,0,60
Mateo Kovačić,hrCRO,MF,Manchester City,30-340,1382,92.9,21372,95.4,95.7,62.3,1,3.4,153,24,0,130
Caleb Kporha,engENG,DF,Crystal Palace,18-270,5,71.4,72,100.0,0.0,100.0,0,0.0,0,1,1,0
Emil Krafth,seSWE,DF,Newcastle Utd,30-252,67,74.4,1115,73.2,84.2,50.0,0,0.1,3,0,0,2
Mohammed Kudus,ghGHA,"FW,MF",West Ham,24-252,572,83.9,9372,89.6,91.8,68.7,2,2.2,35,24,12,64
Dejan Kulusevski,seSWE,"MF,FW",Tottenham,24-351,611,73.5,8552,86.1,77.2,40.8,4,6.1,59,52,6,118
Maxence Lacroix,frFRA,DF,Crystal Palace,25-005,997,82.4,20627,85.2,91.3,56.9,1,0.4,60,2,1,54
Adam Lallana,engENG,MF,Southampton,36-336,221,85.0,2891,89.1,91.0,44.4,2,0.9,21,9,3,24
Tariq Lamptey,ghGHA,DF,Brighton,24-193,314,82.4,4884,93.4,80.0,51.4,2,0.8,11,5,4,12
Will Lankshear,engENG,"FW,MF",Tottenham,19-356,0,0.0,0,0.0,N/a,N/a,0,0.0,0,0,0,0
Roméo Lavia,beBEL,MF,Chelsea,21-095,269,91.8,4535,90.1,96.2,82.4,1,0.7,35,3,0,18
Mario Lemina,gaGAB,"MF,DF",Wolves,31-222,493,80.4,9479,85.0,87.7,61.1,3,1.1,43,13,4,48
Bernd Leno,deGER,GK,Fulham,33-038,945,80.6,23152,99.5,98.9,46.3,1,0.1,14,2,0,0
Jefferson Lerma,coCOL,"MF,DF",Crystal Palace,30-168,661,75.0,11505,86.6,79.6,46.6,1,1.5,76,15,2,80
Rico Lewis,engENG,"DF,MF",Manchester City,20-141,1060,91.9,15247,95.0,93.8,66.7,2,0.3,88,13,0,99
Keane Lewis-Potter,engENG,"DF,FW",Brentford,24-048,814,77.2,13345,89.0,79.0,50.4,2,2.5,54,39,14,85
Myles Lewis-Skelly,engENG,DF,Arsenal,18-197,463,90.1,6758,95.5,89.0,64.7,0,0.2,50,4,0,50
Matthijs de Ligt,nlNED,DF,Manchester Utd,25-242,1225,90.1,21549,94.1,94.5,50.5,0,0.3,63,2,1,55
Pedro Lima,brBRA,DF,Wolves,18-284,28,73.7,457,82.4,78.6,60.0,0,0.1,2,3,2,4
Victor Lindelöf,seSWE,DF,Manchester Utd,30-268,92,91.1,1444,88.9,98.0,33.3,0,0.1,5,2,1,5
Jesper Lindstrøm,dkDEN,FW,Everton,25-041,297,69.4,4593,86.2,65.7,44.6,1,2.0,18,12,7,25
Valentino Livramento,engENG,DF,Newcastle Utd,22-150,1049,84.6,15531,90.1,86.1,53.0,1,2.2,79,21,5,114
Sean Longstaff,engENG,MF,Newcastle Utd,27-163,277,84.2,4119,87.0,91.9,66.7,0,0.2,25,1,0,38
Saša Lukić,rsSRB,MF,Fulham,28-241,904,87.6,15271,92.3,92.2,69.3,2,2.6,81,11,4,75
Joe Lumley,engENG,GK,Southampton,30-055,106,70.2,2342,95.5,91.3,35.6,0,0.0,2,0,0,0
Massimo Luongo,auAUS,MF,Ipswich Town,32-198,39,73.6,551,88.9,68.8,33.3,0,0.0,1,0,0,5
Ian Maatsen,nlNED,DF,Aston Villa,23-032,400,81.5,6541,87.8,85.0,61.1,2,2.3,18,15,3,35
Alexis Mac Allister,arARG,MF,Liverpool,26-108,1133,83.9,17989,90.0,88.7,59.1,3,4.1,111,32,1,156
James Maddison,engENG,MF,Tottenham,28-139,948,80.9,15368,90.8,85.5,45.7,6,3.9,111,32,5,153
Noni Madueke,engENG,FW,Chelsea,23-032,400,78.6,5899,87.4,77.1,57.6,3,3.6,10,31,6,58
Gabriel Magalhães,brBRA,DF,Arsenal,27-113,1480,90.2,25788,96.9,94.2,53.9,1,0.9,145,8,0,126
Edmond-Paris Maghoma,engENG,"MF,FW",Brentford,23-338,76,90.5,1259,95.0,93.5,85.7,0,0.1,2,0,0,13
Harry Maguire,engENG,DF,Manchester Utd,32-037,788,86.3,14677,91.6,91.1,57.8,0,0.3,39,3,0,42
Kobbie Mainoo,engENG,MF,Manchester Utd,19-357,580,86.3,7733,91.8,88.4,74.3,0,1.5,44,9,0,52
Tyrell Malacia,nlNED,DF,Manchester Utd,25-237,49,89.1,642,93.9,92.9,100.0,0,0.0,7,1,0,3
Donyell Malen,nlNED,FW,Aston Villa,26-092,37,69.8,476,83.3,69.2,66.7,0,0.0,1,1,0,5
Orel Mangala,beBEL,MF,Everton,27-024,437,89.2,6998,90.5,94.9,76.7,0,0.6,50,8,1,34
Ryan Manning,ieIRL,DF,Southampton,28-301,495,80.2,8289,92.9,82.9,49.4,0,2.6,15,10,7,24
Solly March,engENG,"MF,FW",Brighton,30-265,23,62.2,365,85.7,66.7,16.7,0,0.1,0,2,2,1
Omar Marmoush,egEGY,"FW,MF",Manchester City,26-063,150,78.5,2052,86.6,77.3,50.0,0,1.0,8,13,2,18
Gabriel Martinelli,brBRA,"FW,MF",Arsenal,23-297,367,69.6,5332,81.3,67.3,52.5,4,4.3,9,26,11,40
Emiliano Martínez,arARG,GK,Aston Villa,32-221,905,79.7,23411,97.6,98.1,50.7,0,0.5,18,0,0,2
Lisandro Martínez,arARG,DF,Manchester Utd,27-083,1200,89.4,20292,94.2,93.0,55.2,1,1.1,91,18,2,117
Pape Matar Sarr,snSEN,MF,Tottenham,22-209,757,87.3,11619,91.5,90.3,75.0,2,1.5,79,8,2,74
Jean-Philippe Mateta,frFRA,FW,Crystal Palace,27-287,257,65.1,3416,77.2,62.1,33.3,2,3.0,30,14,1,44
Stephy Mavididi,engENG,FW,Leicester City,26-315,420,74.6,5755,90.7,68.0,42.9,1,2.5,31,25,7,56
Konstantinos Mavropanos,grGRE,DF,West Ham,27-121,911,85.5,18009,90.6,91.8,58.9,0,0.5,58,4,1,57
Noussair Mazraoui,maMAR,DF,Manchester Utd,27-148,1292,85.1,19379,91.0,89.1,52.3,1,1.3,105,17,5,98
Bryan Mbeumo,cmCMR,FW,Brentford,25-247,712,67.1,11339,79.5,73.2,36.4,5,7.0,47,50,14,116
James Mcatee,engENG,"MF,FW",Manchester City,22-175,58,85.3,912,83.8,89.3,66.7,0,0.0,5,1,0,4
Kasey McAteer,ieIRL,"FW,MF",Leicester City,23-140,98,69.5,1365,85.5,67.5,50.0,1,0.4,6,3,1,8
Alex McCarthy,engENG,GK,Southampton,35-129,117,75.0,2823,95.3,91.8,49.2,0,0.0,5,0,0,0
John McGinn,sctSCO,"MF,FW",Aston Villa,30-175,613,83.2,10356,91.3,86.7,61.1,3,3.3,60,26,7,87
Dwight McNeil,engENG,"MF,FW",Everton,25-140,377,73.3,7166,86.3,81.4,53.4,3,3.5,33,32,10,60
Scott McTominay,sctSCO,MF,Manchester Utd,28-124,10,100.0,186,100.0,100.0,100.0,0,0.0,2,0,0,1
Ben Mee,engENG,DF,Brentford,35-202,93,77.5,1751,89.5,85.0,40.0,0,0.0,10,0,0,11
Jayden Meghoma,engENG,DF,Brentford,18-287,3,100.0,28,100.0,N/a,N/a,0,0.0,0,0,0,0
Mikel Merino,esESP,"MF,FW",Arsenal,28-293,392,78.1,5395,87.1,77.8,53.6,1,1.4,32,23,3,60
Shumaira Mheuka,engENG,MF,Chelsea,17-173,0,N/a,0,N/a,N/a,N/a,0,0.0,0,0,0,0
Nikola Milenković,rsSRB,DF,Nott'ham Forest,27-181,662,81.3,13206,87.1,87.4,62.0,2,0.8,44,2,0,43
Lewis Miley,engENG,MF,Newcastle Utd,18-345,118,87.4,1735,86.3,95.6,85.7,0,0.0,8,4,0,13
James Milner,engENG,MF,Brighton,39-097,55,75.3,899,92.9,76.7,40.0,0,0.2,3,1,1,10
Tyrone Mings,engENG,DF,Aston Villa,32-029,501,87.9,8948,91.7,94.0,53.6,0,0.2,40,5,0,35
Yankuba Minteh,gmGAM,"FW,MF",Brighton,20-263,239,60.8,3931,75.6,65.5,42.9,4,4.3,11,23,6,29
Tyrick Mitchell,engENG,DF,Crystal Palace,25-222,813,72.1,13123,83.9,74.7,41.7,4,5.3,42,27,13,55
Kaoru Mitoma,jpJPN,"FW,MF",Brighton,27-326,685,75.4,8929,86.7,70.9,44.9,3,4.4,32,32,8,80
Jakub Moder,plPOL,MF,Brighton,26-004,18,81.8,254,71.4,100.0,N/a,0,0.2,0,1,1,4
Jeremy Monga,N/a,FW,Leicester City,N/a,4,57.1,49,66.7,100.0,0.0,0,0.0,1,0,0,1
Mikey Moore,engENG,"FW,MF",Tottenham,17-243,48,71.6,593,96.8,65.0,20.0,1,0.3,1,5,1,7
Morato,brBRA,DF,Nott'ham Forest,23-285,177,74.1,2982,83.7,83.8,35.7,0,0.0,10,0,0,14
Álex Moreno,esESP,"DF,MF",Nott'ham Forest,31-307,273,72.0,4019,86.9,65.4,33.3,1,1.0,22,7,1,30
Sam Morsy,egEGY,MF,Ipswich Town,33-213,1020,86.8,16265,93.2,91.8,59.3,1,0.7,123,13,2,98
Yerson Mosquera,coCOL,DF,Wolves,23-344,205,85.4,3996,90.4,93.5,62.9,0,0.1,16,1,1,7
Mason Mount,engENG,"MF,FW",Manchester Utd,26-091,87,80.6,1301,88.9,79.4,55.6,0,0.2,7,1,1,11
Divin Mubama,engENG,FW,Manchester City,20-168,2,66.7,44,100.0,N/a,100.0,0,0.0,0,0,0,1
Mykhailo Mudryk,uaUKR,FW,Chelsea,24-096,28,66.7,431,70.8,66.7,50.0,0,1.0,2,2,1,5
Marshall Munetsi,zwZIM,"MF,FW",Wolves,28-293,78,73.6,943,80.3,71.0,0.0,1,0.8,3,1,0,5
Rodrigo Muniz,brBRA,FW,Fulham,23-342,89,65.0,1490,67.7,69.8,84.6,1,0.7,12,3,0,26
Daniel Muñoz,coCOL,DF,Crystal Palace,28-320,892,75.4,13664,85.2,77.2,43.0,4,3.8,44,20,9,68
Arijanet Muric,xkKVX,GK,Ipswich Town,26-155,454,71.7,11705,100.0,97.3,40.6,0,0.0,14,0,0,1
Murillo,brBRA,DF,Nott'ham Forest,22-281,913,78.3,17979,91.5,87.0,48.3,0,1.1,102,11,1,96
Jacob Murphy,engENG,FW,Newcastle Utd,30-046,511,69.4,7625,83.9,67.1,43.2,9,6.7,42,28,9,59
Vitaliy Mykolenko,uaUKR,DF,Everton,25-317,746,73.1,12422,88.5,72.9,42.1,1,1.5,76,30,17,89
Iliman Ndiaye,snSEN,FW,Everton,25-036,473,80.4,7228,84.9,86.0,71.7,0,1.5,32,14,5,41
Wilfred Ndidi,ngNGA,MF,Leicester City,28-116,648,79.4,9137,86.4,81.5,50.9,4,1.7,52,8,1,55
Kosta Nedeljković,rsSRB,DF,Aston Villa,19-116,47,88.7,853,95.7,84.0,80.0,0,0.0,5,0,0,6
Reiss Nelson,engENG,FW,Arsenal,25-122,0,N/a,0,N/a,N/a,N/a,0,0.0,0,0,0,0
Reiss Nelson,engENG,FW,Fulham,25-122,232,86.6,3429,92.5,84.6,63.2,1,1.0,7,15,3,35
Neto,brBRA,GK,Bournemouth,35-266,40,64.5,1183,100.0,100.0,36.4,0,0.0,2,0,0,0
Pedro Neto,ptPOR,FW,Chelsea,25-033,511,78.6,8086,92.7,82.0,45.6,4,4.6,21,23,13,44
Eddie Nketiah,engENG,"FW,MF",Crystal Palace,25-316,140,72.9,2079,77.9,82.3,61.5,1,1.5,10,4,0,15
Christopher Nkunku,frFRA,FW,Chelsea,27-148,297,89.5,3916,91.5,92.2,100.0,2,2.0,26,7,0,25
Matheus Nunes,ptPOR,"DF,MF",Manchester City,26-227,770,86.1,11967,91.5,87.7,67.2,4,3.4,35,23,6,55
Darwin Núñez,uyURU,FW,Liverpool,25-291,144,70.2,2149,80.4,72.9,66.7,2,1.2,9,2,0,25
Ethan Nwaneri,engENG,"FW,MF",Arsenal,18-021,255,79.9,3694,92.5,75.6,51.7,2,1.0,15,11,5,27
Christian Nørgaard,dkDEN,MF,Brentford,31-032,924,82.1,15267,87.8,85.9,59.6,2,0.8,115,21,3,120
Jake O'Brien,ieIRL,DF,Everton,23-331,352,75.5,6337,88.7,75.5,60.3,0,0.6,31,8,5,37
Matt O'Riley,dkDEN,MF,Brighton,24-141,203,78.7,3062,93.2,80.0,42.5,1,1.2,20,5,0,24
Dara O'Shea,ieIRL,DF,Ipswich Town,26-038,1035,77.6,20638,86.0,85.0,50.2,2,0.5,76,2,1,66
Chidozie Obi-Martin,dkDEN,FW,Manchester Utd,17-133,6,75.0,99,100.0,75.0,50.0,0,0.0,1,0,0,1
Wilson Odobert,frFRA,FW,Tottenham,20-134,138,79.3,1801,94.1,73.3,57.1,0,0.1,5,8,2,18
Chiedozie Ogbene,ieIRL,FW,Ipswich Town,27-345,32,74.4,415,83.3,80.0,100.0,0,0.1,0,0,0,0
Caleb Okoli,itITA,DF,Leicester City,23-272,511,86.8,8841,91.9,91.0,54.1,0,0.0,19,0,0,30
Robin Olsen,seSWE,GK,Aston Villa,35-093,54,71.1,1466,100.0,100.0,37.1,0,0.0,2,0,0,0
Amadou Onana,beBEL,MF,Aston Villa,23-238,508,88.5,7993,94.8,89.7,74.2,0,0.2,39,5,1,44
André Onana,cmCMR,GK,Manchester Utd,29-009,868,72.8,20571,99.0,99.2,36.0,0,0.2,23,0,0,1
Paul Onuachu,ngNGA,FW,Southampton,30-318,140,61.7,2032,63.0,62.7,66.7,1,0.5,12,2,0,12
Frank Onyeka,ngNGA,MF,Brentford,27-100,6,85.7,71,100.0,100.0,N/a,0,0.0,0,1,0,1
Lewis Orford,engENG,MF,West Ham,19-052,33,86.8,583,84.6,90.0,66.7,0,0.0,2,1,1,0
Stefan Ortega,deGER,GK,Manchester City,32-156,312,82.8,7003,97.8,97.5,53.7,0,0.0,6,0,0,0
William Osula,dkDEN,FW,Newcastle Utd,21-250,4,40.0,54,28.6,50.0,N/a,0,0.1,0,1,0,1
Dango Ouattara,bfBFA,FW,Bournemouth,23-059,300,59.5,4743,72.1,62.6,35.1,4,4.8,19,23,9,36
Nico O’Reilly,engENG,"DF,MF",Manchester City,20-021,125,85.6,1722,88.7,88.1,50.0,0,0.1,15,0,0,7
Alex Palmer,engENG,GK,Ipswich Town,28-244,144,70.2,4113,93.1,100.0,44.3,0,0.0,3,0,0,1
Cole Palmer,engENG,MF,Chelsea,22-340,903,76.2,17193,85.1,84.6,59.0,7,9.1,127,51,14,165
Emerson Palmieri,itITA,DF,West Ham,30-251,747,79.1,11003,89.1,79.9,43.3,1,1.5,42,11,5,56
Lucas Paquetá,brBRA,"MF,FW",West Ham,27-227,884,76.5,14329,83.7,77.7,60.8,0,2.3,104,34,2,114
Thomas Partey,ghGHA,"MF,DF",Arsenal,31-302,1381,87.5,22064,93.1,88.6,67.8,2,1.9,134,32,2,155
Nathan Patterson,sctSCO,"DF,FW",Everton,23-177,77,73.3,1294,97.4,65.3,42.9,0,0.3,7,4,2,7
Andreas Pereira,brBRA,MF,Fulham,29-100,590,69.3,10713,83.3,79.0,41.3,4,3.9,60,19,4,96
Ricardo Pereira,ptPOR,DF,Leicester City,31-187,108,83.1,1707,88.1,82.6,100.0,0,0.0,14,0,0,9
Kalvin Phillips,engENG,MF,Ipswich Town,29-130,426,79.3,8392,82.9,86.6,62.1,0,0.2,48,6,1,49
Jaden Philogene Bidace,engENG,"FW,MF",Aston Villa,23-062,63,73.3,850,81.6,85.7,66.7,0,0.3,1,3,0,4
Jaden Philogene Bidace,engENG,"FW,DF",Ipswich Town,23-062,95,72.5,1536,84.4,73.2,50.0,0,0.2,7,4,3,10
Jordan Pickford,engENG,GK,Everton,31-035,837,65.1,27221,99.2,98.3,46.2,1,0.4,62,8,0,0
Ethan Pinnock,jmJAM,DF,Brentford,31-317,924,85.6,17045,94.2,89.4,57.9,0,1.2,48,4,1,41
Daniel Podence,ptPOR,"MF,FW",Wolves,29-172,11,68.8,132,100.0,100.0,0.0,0,0.0,1,1,0,2
Alfie Pond,engENG,DF,Wolves,21-041,1,100.0,23,N/a,100.0,N/a,0,0.0,0,0,0,0
Nick Pope,engENG,GK,Newcastle Utd,32-357,404,70.8,10299,98.9,98.0,41.0,0,0.0,2,0,0,0
Pedro Porro,esESP,DF,Tottenham,25-210,1252,73.4,21717,87.3,79.0,44.5,5,3.5,111,50,22,136
Jarell Quansah,engENG,DF,Liverpool,22-072,201,91.0,3631,97.3,91.1,72.2,0,0.0,17,0,0,10
Hákon Rafn Valdimarsson,isISL,GK,Brentford,23-180,46,65.7,1445,100.0,100.0,41.5,0,0.0,2,0,0,0
Aaron Ramsdale,engENG,GK,Southampton,26-332,620,64.7,17090,100.0,95.6,38.5,0,0.0,27,1,0,0
Jacob Ramsey,engENG,"FW,MF",Aston Villa,23-318,420,85.2,5505,92.1,82.8,70.6,3,2.0,27,19,1,60
Marcus Rashford,engENG,"FW,MF",Manchester Utd,27-162,253,73.8,3508,83.6,65.9,50.0,1,2.1,13,16,8,21
Marcus Rashford,engENG,FW,Aston Villa,27-162,91,71.1,1357,87.1,73.0,35.3,2,2.0,2,8,2,12
David Raya,esESP,GK,Arsenal,29-208,848,73.9,20252,99.2,98.4,37.9,0,0.0,37,1,0,11
Harrison Reed,engENG,MF,Fulham,30-074,39,72.2,550,87.5,81.3,40.0,0,0.1,1,1,0,4
Remy Rees-Dottin,engENG,FW,Bournemouth,19-036,0,N/a,0,N/a,N/a,N/a,0,0.0,0,0,0,0
Sergio Reguilón,esESP,DF,Tottenham,28-116,73,69.5,1144,75.0,76.6,33.3,0,0.0,11,2,1,12
Bobby Reid,jmJAM,"FW,MF",Leicester City,32-068,134,70.5,1736,81.2,76.6,28.6,2,1.2,8,5,0,14
Vitor Reis,brBRA,DF,Manchester City,19-089,2,100.0,50,N/a,100.0,N/a,0,0.0,0,0,0,0
Chadi Riad,maMAR,DF,Crystal Palace,21-298,70,85.4,1411,85.7,92.7,61.5,0,0.0,8,1,0,7
Declan Rice,engENG,MF,Arsenal,26-087,1160,83.3,19897,92.7,90.4,48.6,5,6.0,113,29,5,158
Chris Richards,usUSA,DF,Crystal Palace,25-014,512,80.5,9062,89.1,89.9,44.2,0,0.1,19,0,0,33
Richarlison,brBRA,FW,Tottenham,27-336,49,65.3,750,75.0,61.5,71.4,1,0.9,7,4,2,10
Andrew Robertson,sctSCO,DF,Liverpool,31-031,1399,83.5,23490,94.6,87.0,47.4,0,4.1,137,27,15,162
Antonee Robinson,usUSA,DF,Fulham,27-246,1395,76.7,23848,86.8,79.4,55.9,10,4.0,105,50,26,112
Rodri,esESP,MF,Manchester City,28-293,57,93.4,1056,96.2,88.9,100.0,0,0.0,3,1,0,4
Guido Rodríguez,arARG,MF,West Ham,30-364,419,84.1,7149,87.4,91.4,62.7,0,0.1,36,1,0,31
Mads Roerslev,dkDEN,DF,Brentford,25-291,422,78.7,6925,88.0,79.9,55.1,2,3.0,37,11,4,51
Morgan Rogers,engENG,"FW,MF",Aston Villa,22-259,545,73.1,7833,80.4,76.2,77.6,6,6.1,62,45,2,101
Cristian Romero,arARG,DF,Tottenham,26-349,982,89.0,18499,91.3,94.4,63.3,0,0.5,96,7,1,57
Georginio Rutter,frFRA,"MF,FW",Brighton,22-356,237,66.8,3344,77.0,66.7,62.5,3,2.5,30,16,1,67
José Sá,ptPOR,GK,Wolves,32-084,471,62.8,12355,99.0,97.0,29.8,0,0.1,17,1,0,2
Bukayo Saka,engENG,"FW,MF",Arsenal,23-218,420,74.3,6582,89.4,72.5,49.4,10,6.0,11,29,10,54
Mohamed Salah,egEGY,FW,Liverpool,32-300,739,71.3,11115,83.9,70.1,60.0,17,11.3,44,74,13,117
William Saliba,frFRA,DF,Arsenal,24-018,1942,93.7,33537,95.4,95.6,80.0,0,0.5,147,4,0,121
Robert Sánchez,esESP,GK,Chelsea,27-144,713,71.7,17201,99.4,96.1,39.2,0,0.0,22,1,0,1
Jadon Sancho,engENG,FW,Chelsea,25-017,593,83.1,7964,89.6,84.3,50.0,4,3.3,23,41,0,78
Ibrahim Sangaré,ciCIV,MF,Nott'ham Forest,27-130,117,78.5,1700,88.8,80.9,54.5,1,0.4,9,2,0,12
Pablo Sarabia,esESP,"MF,FW",Wolves,32-335,219,69.3,3842,86.2,77.4,50.0,2,1.5,29,16,2,46
Jeremy Sarmiento,ecECU,MF,Brighton,22-299,6,100.0,74,100.0,100.0,N/a,0,0.0,0,0,0,0
Ismaila Sarr,snSEN,MF,Crystal Palace,27-045,396,66.3,5907,75.0,70.6,43.6,3,6.0,22,33,6,68
Sávio,brBRA,"FW,MF",Manchester City,21-001,642,80.7,9592,89.7,80.0,58.5,8,6.6,18,47,8,65
Oliver Scarles,engENG,DF,West Ham,19-120,238,78.3,3509,88.5,83.0,26.9,0,0.0,8,5,1,20
Dane Scarlett,engENG,"FW,MF",Tottenham,21-018,3,60.0,37,100.0,100.0,0.0,1,0.0,0,0,0,1
Kevin Schade,deGER,FW,Brentford,23-135,263,58.6,4085,68.9,59.0,43.2,2,3.2,28,8,2,32
Fabian Schär,chSUI,DF,Newcastle Utd,33-112,1240,83.1,24756,92.8,92.3,50.0,0,0.3,115,9,0,75
Jeffrey Schlupp,ghGHA,"MF,DF",Crystal Palace,32-109,39,78.0,591,84.2,78.3,50.0,0,0.2,4,2,0,5
Alex Scott,engENG,MF,Bournemouth,21-233,207,85.5,3362,89.7,91.4,66.7,0,0.3,33,4,0,46
Matz Sels,beBEL,GK,Nott'ham Forest,33-044,416,50.6,16105,100.0,97.5,37.5,0,0.0,36,2,0,1
Nélson Semedo,ptPOR,DF,Wolves,31-146,873,79.9,13411,91.3,82.9,44.9,4,2.6,57,21,9,61
Antoine Semenyo,ghGHA,FW,Bournemouth,25-094,659,72.8,9379,84.8,74.9,38.4,4,5.2,43,39,7,93
Marcos Senesi,arARG,DF,Bournemouth,27-336,474,76.6,9852,87.8,85.9,50.6,0,0.2,73,12,3,50
Ryan Sessegnon,engENG,"FW,DF",Fulham,24-328,40,75.5,531,82.4,75.0,100.0,1,0.6,1,1,0,2
Luke Shaw,engENG,DF,Manchester Utd,29-273,89,88.1,1503,96.0,89.5,63.6,0,0.0,6,0,0,6
Zain Silcott-Duberry,msMSR,FW,Bournemouth,19-276,1,50.0,25,N/a,100.0,N/a,0,0.0,0,0,0,0
Bernardo Silva,ptPOR,"MF,FW",Manchester City,30-244,1163,86.5,17580,91.6,87.7,66.3,4,4.2,64,27,7,99
Jota Silva,ptPOR,"FW,MF",Nott'ham Forest,25-253,111,62.4,1542,78.0,62.3,38.5,1,2.9,3,9,3,16
Eric da Silva Moreira,deGER,"MF,DF",Nott'ham Forest,18-343,7,87.5,86,85.7,100.0,N/a,0,0.0,0,0,0,0
Jahmai Simpson-Pusey,engENG,DF,Manchester City,19-158,107,93.0,1754,95.9,96.6,42.9,0,0.0,3,0,0,3
Luis Sinisterra,coCOL,"FW,MF",Bournemouth,25-298,73,78.5,1067,91.7,68.8,100.0,1,1.4,6,2,2,6
Oliver Skipp,engENG,MF,Leicester City,24-207,305,84.3,4617,87.6,92.2,61.5,0,0.2,24,4,0,23
William Smallbone,ieIRL,MF,Southampton,25-049,226,76.1,3669,86.4,84.1,34.1,0,0.6,10,3,2,23
Adam Smith,engENG,DF,Bournemouth,33-347,344,75.4,5606,86.3,79.8,33.9,0,0.2,33,5,2,33
Emile Smith Rowe,engENG,MF,Fulham,24-257,803,90.2,11521,92.4,95.8,69.2,2,1.1,70,13,1,113
Dominic Solanke,engENG,FW,Tottenham,27-209,238,71.5,3165,76.2,75.6,66.7,3,2.9,26,9,0,43
Carlos Soler,esESP,"MF,FW",West Ham,28-099,462,84.6,7287,94.6,84.3,53.1,1,1.1,36,10,0,50
Ramón Sosa,pyPAR,"FW,MF",Nott'ham Forest,25-223,61,68.5,955,68.2,71.0,71.4,0,0.5,2,5,3,4
Tomáš Souček,czCZE,MF,West Ham,30-043,598,73.4,10053,78.7,76.8,69.0,1,1.0,57,8,1,66
Boubakary Soumaré,frFRA,MF,Leicester City,26-043,895,86.9,13664,92.5,87.2,72.9,0,0.4,85,12,2,88
Djed Spence,engENG,DF,Tottenham,24-245,741,87.2,10445,94.4,87.3,55.0,2,1.7,59,14,6,79
Jay Stansfield,engENG,MF,Fulham,22-138,0,N/a,0,N/a,N/a,N/a,0,0.0,0,0,0,0
Jason Steele,engENG,GK,Brighton,34-236,101,90.2,2321,100.0,96.9,65.4,0,0.0,0,0,0,0
Jack Stephens,engENG,DF,Southampton,31-074,618,92.2,10620,92.5,95.2,78.1,0,0.1,42,5,0,45
Raheem Sterling,engENG,"FW,MF",Arsenal,30-124,116,75.3,1475,84.6,74.4,66.7,2,0.4,4,8,2,15
Ross Stewart,sctSCO,"FW,MF",Southampton,28-274,39,81.3,585,85.0,90.5,0.0,0,0.0,1,1,0,1
Jakub Stolarczyk,plPOL,GK,Leicester City,24-113,152,67.9,4176,100.0,97.9,45.0,0,0.0,2,0,0,1
John Stones,engENG,"DF,MF",Manchester City,30-318,367,91.1,6382,94.4,92.5,77.5,0,0.1,42,0,0,21
Jørgen Strand Larsen,noNOR,FW,Wolves,25-064,249,64.2,3213,71.8,63.4,76.9,2,2.4,16,4,1,24
Yukinari Sugawara,jpJPN,"DF,MF",Southampton,24-287,686,80.2,10793,88.1,82.9,50.0,1,2.2,43,21,9,68
Kamaldeen Sulemana,ghGHA,"FW,MF",Southampton,23-055,200,78.7,2928,88.6,82.7,42.9,1,0.7,6,9,6,19
Crysencio Summerville,nlNED,"FW,MF",West Ham,23-163,194,76.4,2881,84.5,88.7,50.0,1,1.7,13,12,5,18
Sammie Szmodics,ieIRL,"FW,MF",Ipswich Town,29-199,144,74.2,2402,87.0,84.4,51.7,0,0.2,10,4,1,18
Dominik Szoboszlai,huHUN,MF,Liverpool,24-168,954,84.3,14743,88.9,88.3,71.6,3,5.0,71,29,4,105
Matt Targett,engENG,DF,Newcastle Utd,29-205,7,100.0,84,100.0,100.0,N/a,0,0.0,0,0,0,0
James Tarkowski,engENG,DF,Everton,32-143,984,81.1,20853,84.8,92.0,62.9,1,2.2,78,11,0,70
Marcus Tavernier,engENG,"FW,MF",Bournemouth,26-020,498,72.2,8483,86.7,77.7,43.4,5,2.8,60,28,9,95
Charlie Taylor,engENG,DF,Southampton,31-205,154,87.0,2691,94.0,89.5,70.6,0,0.1,8,2,1,8
Jack Taylor,ieIRL,MF,Ipswich Town,26-292,250,81.7,4408,86.7,86.5,57.6,0,0.5,27,7,0,37
Mathys Tel,frFRA,FW,Tottenham,19-349,54,77.1,905,87.9,71.4,83.3,0,0.1,4,2,1,4
Kenny Tete,nlNED,DF,Fulham,29-184,576,81.6,9210,91.5,80.0,63.9,2,0.7,53,6,4,42
Thiago,brBRA,FW,Brentford,23-289,28,71.8,428,70.0,75.0,75.0,0,0.1,1,1,0,2
Luke Thomas,engENG,DF,Leicester City,23-305,269,78.4,4292,91.3,80.9,42.5,0,0.1,18,2,1,19
Youri Tielemans,beBEL,MF,Aston Villa,27-339,1463,82.0,24920,89.6,87.4,52.7,5,6.2,190,30,4,198
Kieran Tierney,sctSCO,"DF,FW",Arsenal,27-310,39,75.0,581,96.0,63.2,40.0,0,0.8,3,4,2,6
Jurriën Timber,nlNED,DF,Arsenal,23-298,1110,85.2,15977,90.6,85.5,52.1,2,0.8,98,16,2,141
Jean-Clair Todibo,frFRA,DF,West Ham,25-102,617,86.7,11036,91.7,94.2,45.9,0,0.0,33,1,0,26
Harry Toffolo,engENG,DF,Nott'ham Forest,29-235,25,73.5,338,90.0,77.8,0.0,0,0.0,1,0,0,2
Takehiro Tomiyasu,jpJPN,DF,Arsenal,26-157,3,75.0,42,100.0,100.0,0.0,0,0.0,0,0,0,1
Sandro Tonali,itITA,MF,Newcastle Utd,24-338,868,82.7,13297,89.4,85.3,54.5,1,0.7,74,15,3,87
Pau Torres,esESP,DF,Aston Villa,28-085,990,88.2,17143,94.4,93.2,48.7,0,0.0,92,7,0,72
Conor Townsend,engENG,DF,Ipswich Town,32-038,77,62.1,1367,81.1,74.1,29.2,1,0.7,7,2,2,7
Adama Traoré,esESP,"FW,MF",Fulham,29-076,355,71.9,5579,80.4,74.1,56.8,5,4.1,31,26,14,56
Boubacar Traoré,mlMLI,MF,Wolves,23-234,0,N/a,0,N/a,N/a,N/a,0,0.0,0,0,0,0
Mark Travers,ieIRL,GK,Bournemouth,25-328,100,70.4,3469,100.0,96.2,51.8,0,0.0,3,0,0,0
Ryan Trevitt,engENG,MF,Brentford,22-030,4,57.1,73,50.0,100.0,N/a,0,0.0,1,0,0,0
Kieran Trippier,engENG,DF,Newcastle Utd,34-204,664,81.9,11129,94.6,84.1,44.0,0,0.6,36,6,1,52
Leandro Trossard,beBEL,FW,Arsenal,30-128,537,73.6,8890,84.9,75.5,52.6,5,5.0,35,41,9,84
Kostas Tsimikas,grGRE,DF,Liverpool,28-334,362,85.4,6120,94.2,89.9,52.5,1,1.0,30,7,1,53
Axel Tuanzebe,cdCOD,DF,Ipswich Town,27-148,497,83.2,7553,91.0,82.8,54.1,1,0.3,49,2,0,45
Destiny Udogie,itITA,DF,Tottenham,22-134,915,87.5,13224,91.2,90.6,81.5,1,1.4,86,6,1,117
Manuel Ugarte Ribeiro,uyURU,MF,Manchester Utd,24-000,610,87.1,10062,88.9,93.0,75.0,0,0.6,42,8,3,47
Lesley Ugochukwu,frFRA,MF,Southampton,21-016,450,84.7,6908,87.9,91.7,55.6,1,1.0,46,6,1,44
Enes Ünal,trTUR,"FW,MF",Bournemouth,27-336,63,63.6,685,76.9,60.7,0.0,1,0.4,4,4,0,12
Virgil van Dijk,nlNED,DF,Liverpool,33-277,2230,91.6,40386,96.1,95.5,66.4,1,0.5,236,3,0,152
Jamie Vardy,engENG,FW,Leicester City,38-090,219,66.8,3096,74.0,78.4,68.8,3,2.9,8,9,1,20
Renato Veiga,ptPOR,"DF,MF",Chelsea,21-256,118,84.9,2171,88.2,90.2,61.9,0,0.0,6,1,0,7
Joël Veltman,nlNED,DF,Brighton,33-086,716,80.0,12082,89.8,80.6,63.3,0,0.5,61,8,5,79
Micky van de Ven,nlNED,DF,Tottenham,23-357,659,90.9,12335,92.3,96.2,62.1,2,1.2,45,1,0,47
Bart Verbruggen,nlNED,GK,Brighton,22-236,832,77.8,19644,99.2,98.0,46.8,1,0.0,14,1,0,2
Jannik Vestergaard,dkDEN,DF,Leicester City,32-251,870,90.7,14697,95.0,93.7,59.3,0,0.1,34,1,0,32
Guglielmo Vicario,itITA,GK,Tottenham,28-186,626,89.7,12023,99.5,97.3,51.6,0,0.0,1,0,0,1
Carlos Vinícius,brBRA,MF,Fulham,30-017,0,0.0,0,0.0,N/a,N/a,0,0.0,0,0,0,0
Kyle Walker,engENG,DF,Manchester City,34-318,724,87.7,11928,94.6,91.3,51.2,0,0.4,63,7,4,64
Kyle Walker-Peters,engENG,DF,Southampton,27-363,1349,88.3,20366,93.8,90.3,60.5,2,2.6,105,26,3,125
Christian Walton,engENG,GK,Ipswich Town,29-153,152,67.3,4170,100.0,97.2,36.8,0,0.0,1,0,0,0
Aaron Wan-Bissaka,engENG,DF,West Ham,27-136,1203,80.7,17255,89.4,82.3,47.4,2,2.5,84,25,11,116
Danny Ward,wlsWAL,GK,Leicester City,31-293,41,77.4,1162,100.0,100.0,55.6,0,0.0,2,0,0,0
Joel Ward,engENG,DF,Crystal Palace,35-164,0,0.0,0,0.0,0.0,N/a,0,0.0,0,0,0,0
James Ward-Prowse,engENG,MF,West Ham,30-161,370,86.2,6230,94.7,90.8,54.2,1,0.6,45,3,1,32
James Ward-Prowse,engENG,MF,Nott'ham Forest,30-161,145,79.7,2296,93.2,86.9,34.8,1,1.1,16,2,0,16
Ollie Watkins,engENG,FW,Aston Villa,29-102,255,73.1,3183,78.2,81.7,72.7,6,2.7,10,7,0,22
Adam Webster,engENG,DF,Brighton,30-097,429,85.6,7934,95.5,91.8,50.6,0,0.5,32,2,0,40
Danny Welbeck,engENG,FW,Brighton,34-136,298,83.0,3488,85.1,86.8,100.0,4,1.0,12,11,0,35
Welington,brBRA,"DF,MF",Southampton,24-051,64,77.1,1041,81.3,78.9,75.0,0,0.0,5,5,4,6
Timo Werner,deGER,"FW,MF",Tottenham,29-036,158,66.9,2383,82.5,70.9,38.9,3,2.5,3,15,2,30
Adam Wharton,engENG,MF,Crystal Palace,20-313,442,76.1,8375,82.3,81.0,65.9,0,2.3,67,17,5,98
Ben White,engENG,DF,Arsenal,27-185,335,83.3,5565,90.8,86.1,48.6,1,0.7,32,7,1,34
Mats Wieffer,nlNED,MF,Brighton,25-146,340,86.7,5672,91.8,88.8,77.4,1,0.8,34,2,0,37
Neco Williams,wlsWAL,DF,Nott'ham Forest,23-363,612,75.8,9251,89.6,72.2,41.3,2,1.4,49,17,7,69
Willian,brBRA,"MF,FW",Fulham,36-245,103,85.8,1787,92.9,89.8,70.0,0,0.2,11,4,1,23
Joe Willock,engENG,"MF,FW",Newcastle Utd,25-234,225,82.4,3203,89.0,85.7,43.8,2,1.6,20,8,0,34
Callum Wilson,engENG,FW,Newcastle Utd,33-043,23,69.7,305,80.0,75.0,N/a,0,0.1,1,0,0,3
Harry Wilson,wlsWAL,"FW,MF",Fulham,28-020,249,74.3,4168,85.3,80.7,41.2,1,1.0,21,11,0,42
Harry Winks,engENG,MF,Leicester City,29-068,910,87.1,14101,92.2,91.2,57.9,2,1.2,110,7,5,101
Ben Winterburn,engENG,"FW,MF",Bournemouth,20-219,5,71.4,93,66.7,75.0,N/a,0,0.0,0,0,0,0
Yoane Wissa,cdCOD,FW,Brentford,28-220,373,76.7,5430,85.7,75.3,57.9,2,1.8,37,9,1,53
Chris Wood,nzNZL,FW,Nott'ham Forest,33-125,258,66.2,3525,70.5,68.0,68.4,3,1.9,14,8,1,33
Nathan Wood-Gordon,engENG,DF,Southampton,22-315,363,92.8,6144,94.4,96.4,69.6,0,0.0,11,0,0,17
Luke Woolfenden,engENG,DF,Ipswich Town,26-172,437,87.9,8028,96.4,93.7,52.3,0,0.0,27,0,0,15
Yehor Yarmoliuk,uaUKR,MF,Brentford,21-041,428,85.3,7310,86.7,87.8,84.0,0,0.3,51,5,2,40
Ryan Yates,engENG,MF,Nott'ham Forest,27-141,554,82.4,8075,88.6,86.8,56.5,1,1.1,44,4,0,45
Leny Yoro,frFRA,DF,Manchester Utd,19-149,528,92.5,8523,95.7,94.7,63.9,0,0.0,36,2,1,43
Ashley Young,engENG,"DF,FW",Everton,39-276,591,69.7,10908,87.6,75.7,40.8,3,1.6,68,17,8,81
Illia Zabarnyi,uaUKR,DF,Bournemouth,22-222,1104,80.9,23567,89.8,90.6,52.5,0,0.5,111,6,0,104
Oleksandr Zinchenko,uaUKR,"DF,MF",Arsenal,28-117,193,79.4,3067,89.5,81.4,40.0,0,0.0,14,2,1,21
Joshua Zirkzee,nlNED,"FW,MF",Manchester Utd,23-324,282,71.6,3460,78.2,76.6,47.1,1,1.5,24,5,0,41
Martin Ødegaard,noNOR,MF,Arsenal,26-115,943,82.3,14228,90.9,87.2,46.2,4,4.1,100,63,5,192
