player,nationality,position,team,age,games,games_starts,minutes,goals,assists,cards_yellow,cards_red,xg,npxg,xg_assist,progressive_carries,progressive_passes,progressive_passes_received,goals_per90,assists_per90,xg_per90,xg_assist_per90
Max Aarons,engENG,DF,Bournemouth,25-097,3,1,86,0,0,0,0,0.0,0.0,0.0,1,8,3,0.00,0.00,0.00,0.00
Joshua Acheampong,engENG,DF,Chelsea,18-341,4,2,170,0,0,1,0,0.2,0.2,0.0,0,8,0,0.00,0.00,0.12,0.00
Tyler Adams,usUSA,MF,Bournemouth,26-056,21,14,1380,0,3,4,0,1.2,1.2,0.8,11,54,7,0.00,0.20,0.08,0.05
Tosin Adarabioyo,engENG,DF,Chelsea,27-199,18,12,1182,1,1,3,0,0.9,0.9,0.2,5,34,1,0.08,0.08,0.07,0.02
Simon Adingra,ciCIV,"FW,MF",Brighton,23-100,22,7,743,2,1,0,0,1.6,1.6,1.4,27,12,96,0.24,0.12,0.19,0.17
Emmanuel Agbadou,ciCIV,DF,Wolves,27-298,9,9,780,0,0,2,0,0.2,0.2,0.1,1,19,0,0.00,0.00,0.02,0.01
Asher Agbinone,engENG,MF,Crystal Palace,19-195,2,0,6,0,0,0,0,0.0,0.0,0.0,2,0,1,0.00,0.00,0.29,0.50
Ola Aina,ngNGA,DF,Nott'ham Forest,28-185,30,30,2569,2,1,2,0,0.6,0.6,0.7,54,91,52,0.07,0.04,0.02,0.03
Rayan Aït-Nouri,dzALG,DF,Wolves,23-309,30,30,2549,3,5,6,1,2.3,2.3,3.5,68,95,147,0.11,0.18,0.08,0.12
Kristoffer Ajer,noNOR,DF,Brentford,26-359,18,16,1295,0,0,4,0,0.7,0.7,1.2,26,49,39,0.00,0.00,0.05,0.09
Manuel Akanji,chSUI,DF,Manchester City,29-266,20,20,1707,0,0,3,0,0.7,0.7,0.4,38,135,6,0.00,0.00,0.04,0.02
Nathan Aké,nlNED,DF,Manchester City,30-052,10,8,678,0,0,0,0,0.2,0.2,0.0,12,50,2,0.00,0.00,0.03,0.00
Carlos Alcaraz,arARG,MF,Southampton,22-132,1,0,10,0,0,0,0,0.1,0.1,0.1,4,6,1,0.00,0.00,0.62,0.86
Carlos Alcaraz,arARG,"MF,FW",Everton,22-132,8,4,410,1,1,3,0,1.2,1.2,1.1,10,20,8,0.22,0.22,0.27,0.25
Trent Alexander-Arnold,engENG,DF,Liverpool,26-186,28,26,2145,2,6,4,0,1.6,1.6,6.7,48,204,87,0.08,0.25,0.07,0.28
Alisson,brBRA,GK,Liverpool,32-191,21,21,1878,0,0,0,0,0.0,0.0,0.6,0,0,0,0.00,0.00,0.00,0.03
Miguel Almirón,pyPAR,FW,Newcastle Utd,31-060,9,1,157,0,0,0,0,0.5,0.5,0.3,3,6,18,0.00,0.00,0.30,0.15
Edson Álvarez,mxMEX,MF,West Ham,27-169,25,19,1633,0,1,8,1,0.3,0.3,0.8,21,75,18,0.00,0.06,0.02,0.04
Will Alves,engENG,FW,Leicester City,20-067,1,0,1,0,0,0,0,0.0,0.0,0.0,0,0,1,0.00,0.00,0.00,0.00
Harry Amass,engENG,DF,Manchester Utd,18-026,1,0,22,0,0,0,0,0.0,0.0,0.0,0,1,1,0.00,0.00,0.00,0.00
Samuel Amo-Ameyaw,engENG,"FW,DF",Southampton,18-267,2,0,28,0,0,1,0,0.0,0.0,0.1,1,0,3,0.00,0.00,0.07,0.22
Mathis Amougou,frFRA,MF,Chelsea,19-083,1,0,8,0,0,0,0,0.0,0.0,0.0,0,1,0,0.00,0.00,0.00,0.00
Joachim Andersen,dkDEN,DF,Crystal Palace,28-315,1,1,90,0,0,1,0,0.0,0.0,0.0,1,4,1,0.00,0.00,0.04,0.00
Joachim Andersen,dkDEN,DF,Fulham,28-315,22,22,1953,0,0,5,1,0.4,0.4,0.3,11,95,1,0.00,0.00,0.02,0.02
Elliot Anderson,engENG,MF,Nott'ham Forest,22-156,30,26,2137,1,6,6,0,1.6,1.6,3.0,36,108,76,0.04,0.25,0.07,0.13
André,brBRA,MF,Wolves,23-269,26,24,1907,0,0,6,0,0.3,0.3,0.6,7,83,11,0.00,0.00,0.01,0.03
Michail Antonio,jmJAM,FW,West Ham,35-014,14,11,836,1,1,1,0,2.2,2.2,1.6,29,18,59,0.11,0.11,0.24,0.17
Antony,brBRA,"DF,MF",Manchester Utd,25-046,8,0,141,0,0,0,0,1.0,1.0,0.1,5,6,7,0.00,0.00,0.65,0.08
Julian Araujo,mxMEX,DF,Bournemouth,23-241,8,5,355,0,0,1,0,0.0,0.0,0.0,2,14,11,0.00,0.00,0.00,0.00
Cameron Archer,engENG,FW,Southampton,23-264,28,12,1254,2,0,0,0,4.9,4.1,0.3,16,13,58,0.14,0.00,0.36,0.02
Alphonse Areola,frFRA,GK,West Ham,32-043,20,19,1720,0,0,0,0,0.0,0.0,0.0,0,0,0,0.00,0.00,0.00,0.00
Joe Aribo,ngNGA,"MF,DF",Southampton,28-264,30,20,1909,3,0,1,0,2.7,2.7,1.6,35,71,64,0.14,0.00,0.13,0.07
Adam Armstrong,engENG,"FW,MF",Southampton,28-060,20,15,1248,2,2,4,0,3.3,2.3,1.2,25,21,79,0.14,0.14,0.24,0.09
Harrison Armstrong,engENG,MF,Everton,18-082,3,0,48,0,0,1,0,0.4,0.4,0.1,1,1,0,0.00,0.00,0.69,0.14
Kepa Arrizabalaga,esESP,GK,Bournemouth,30-190,24,24,2160,0,0,3,0,0.1,0.1,0.0,0,0,0,0.00,0.00,0.00,0.00
Marco Asensio,esESP,"MF,FW",Aston Villa,29-080,6,3,305,3,1,1,0,2.1,2.1,0.3,14,22,11,0.89,0.30,0.63,0.08
Brandon Austin,engENG,GK,Tottenham,26-093,1,1,90,0,0,0,0,0.0,0.0,0.0,0,0,0,0.00,0.00,0.00,0.00
Taiwo Awoniyi,ngNGA,FW,Nott'ham Forest,27-242,23,3,363,1,0,0,0,2.1,2.1,0.1,6,7,19,0.25,0.00,0.52,0.03
Yasin Ayari,seSWE,MF,Brighton,21-187,27,17,1543,0,1,3,0,2.1,2.1,2.1,22,58,54,0.00,0.06,0.12,0.12
Jordan Ayew,ghGHA,"FW,MF",Crystal Palace,33-212,1,0,21,0,0,1,0,0.5,0.5,0.0,0,0,1,0.00,0.00,1.96,0.21
Jordan Ayew,ghGHA,"FW,MF",Leicester City,33-212,25,15,1310,4,0,5,0,2.8,2.0,0.8,38,31,68,0.27,0.00,0.19,0.05
Benoît Badiashile,frFRA,DF,Chelsea,24-016,5,3,334,0,0,0,0,0.0,0.0,0.0,3,17,2,0.00,0.00,0.00,0.00
Leon Bailey,jmJAM,"FW,MF",Aston Villa,27-245,23,14,1138,1,2,3,0,1.7,1.7,1.5,57,35,121,0.08,0.16,0.14,0.12
Carlos Baleba,cmCMR,MF,Brighton,21-098,27,24,2057,2,1,8,1,3.0,3.0,1.1,34,99,26,0.09,0.04,0.13,0.05
Ross Barkley,engENG,MF,Aston Villa,31-127,16,3,554,3,1,3,0,1.7,1.7,0.6,14,32,8,0.49,0.16,0.27,0.09
Harvey Barnes,engENG,FW,Newcastle Utd,27-123,25,9,1082,6,3,0,0,5.0,5.0,3.1,57,56,118,0.50,0.25,0.41,0.26
Calvin Bassey,ngNGA,DF,Fulham,25-101,29,28,2534,1,0,5,0,1.0,1.0,0.1,23,89,12,0.04,0.00,0.04,0.00
Jan Bednarek,plPOL,DF,Southampton,28-364,25,25,2081,2,0,6,0,0.7,0.7,0.5,4,55,1,0.09,0.00,0.03,0.02
Armel Bella Kotchap,deGER,DF,Southampton,23-121,4,2,331,0,0,0,0,0.3,0.3,0.0,0,5,0,0.00,0.00,0.09,0.00
Jean-Ricner Bellegarde,frFRA,"MF,FW",Wolves,26-288,29,17,1438,2,6,3,0,1.3,1.3,3.6,45,35,79,0.13,0.38,0.08,0.22
Rodrigo Bentancur,uyURU,MF,Tottenham,27-290,21,18,1392,2,0,7,0,1.3,1.3,0.4,21,84,30,0.13,0.00,0.09,0.03
Sander Berge,noNOR,MF,Fulham,27-056,24,20,1824,0,0,4,0,0.2,0.2,0.6,20,94,8,0.00,0.00,0.01,0.03
Lucas Bergvall,seSWE,MF,Tottenham,19-068,24,10,1076,0,1,3,0,0.7,0.7,0.5,27,45,27,0.00,0.08,0.06,0.04
Victor Bernth Kristiansen,dkDEN,DF,Leicester City,22-116,28,28,2380,0,1,1,0,0.3,0.3,1.4,39,69,75,0.00,0.04,0.01,0.05
Beto,gwGNB,FW,Everton,27-070,23,10,1074,6,0,2,0,6.1,6.1,0.7,12,8,54,0.50,0.00,0.51,0.06
Philip Billing,dkDEN,MF,Bournemouth,28-304,10,1,184,0,0,1,0,0.6,0.6,1.1,3,15,13,0.00,0.00,0.28,0.54
Yves Bissouma,mlMLI,MF,Tottenham,28-224,23,14,1156,2,0,6,0,0.6,0.6,0.3,15,69,3,0.16,0.00,0.04,0.02
Oscar Bobb,noNOR,FW,Manchester City,21-273,1,0,6,0,0,0,0,0.0,0.0,0.0,0,0,0,0.00,0.00,0.00,0.00
Lamare Bogarde,nlNED,"DF,MF",Aston Villa,21-096,8,5,476,0,0,2,0,0.0,0.0,0.1,12,14,9,0.00,0.00,0.01,0.02
Willy Boly,ciCIV,DF,Nott'ham Forest,34-067,6,1,150,0,0,1,0,0.1,0.1,0.0,0,2,0,0.00,0.00,0.04,0.00
Sven Botman,nlNED,DF,Newcastle Utd,25-089,3,3,224,0,0,1,0,0.0,0.0,0.0,0,3,0,0.00,0.00,0.01,0.00
Jarrod Bowen,engENG,"FW,MF",West Ham,28-112,27,27,2366,8,5,1,0,6.8,6.1,5.3,88,80,164,0.30,0.19,0.26,0.20
Conor Bradley,nirNIR,DF,Liverpool,21-276,13,2,396,0,1,2,0,0.5,0.5,0.3,20,18,18,0.00,0.23,0.11,0.08
Jarrad Branthwaite,engENG,DF,Everton,22-288,24,22,1988,0,1,3,0,0.8,0.8,0.6,8,49,1,0.00,0.05,0.03,0.03
James Bree,engENG,DF,Southampton,27-182,14,11,890,0,1,0,0,0.1,0.1,0.9,9,30,34,0.00,0.10,0.01,0.09
Ben Brereton,clCHI,FW,Southampton,25-358,10,4,449,0,0,1,0,0.9,0.9,0.1,12,9,42,0.00,0.00,0.18,0.02
Nathan Broadhead,wlsWAL,"MF,FW",Ipswich Town,27-006,15,6,590,1,0,1,0,1.5,1.5,0.6,15,11,25,0.15,0.00,0.23,0.10
Armando Broja,alALB,FW,Everton,23-213,8,2,209,0,0,1,0,0.1,0.1,0.1,10,2,18,0.00,0.00,0.05,0.05
David Brooks,wlsWAL,"FW,MF",Bournemouth,27-277,24,8,793,2,0,3,0,2.2,2.2,1.7,25,26,72,0.23,0.00,0.25,0.19
Emi Buendía,arARG,"MF,FW",Aston Villa,28-107,12,0,98,0,0,1,0,0.7,0.7,0.0,3,7,6,0.00,0.00,0.60,0.02
Santiago Bueno,uyURU,DF,Wolves,26-153,24,17,1536,0,0,2,0,0.4,0.4,0.0,1,27,1,0.00,0.00,0.03,0.00
Facundo Buonanotte,arARG,"FW,MF",Leicester City,20-109,27,13,1399,4,2,7,0,3.6,3.6,3.0,37,49,63,0.26,0.13,0.23,0.20
Cameron Burgess,auAUS,DF,Ipswich Town,29-172,13,12,1125,0,1,0,0,0.7,0.7,0.5,2,36,3,0.00,0.08,0.06,0.04
Dan Burn,engENG,DF,Newcastle Utd,32-337,29,29,2610,0,0,8,0,1.1,1.1,0.5,6,45,6,0.00,0.00,0.04,0.02
Wes Burns,wlsWAL,"FW,DF",Ipswich Town,30-139,18,12,926,0,1,1,0,0.5,0.5,1.6,38,8,65,0.00,0.10,0.05,0.16
Moisés Caicedo,ecECU,MF,Chelsea,23-160,31,31,2721,1,2,9,0,0.6,0.6,2.8,35,166,28,0.03,0.07,0.02,0.09
Tom Cairney,sctSCO,MF,Fulham,34-081,19,2,438,1,0,2,1,0.1,0.1,0.7,13,45,21,0.21,0.00,0.03,0.14
Jens Cajuste,seSWE,MF,Ipswich Town,25-244,24,21,1604,1,0,2,0,0.4,0.4,0.6,23,44,14,0.06,0.00,0.02,0.03
Riccardo Calafiori,itITA,DF,Arsenal,22-327,17,11,925,2,1,4,0,0.9,0.9,0.3,21,54,29,0.19,0.10,0.08,0.03
Dominic Calvert-Lewin,engENG,FW,Everton,28-026,22,19,1574,3,1,2,0,6.1,6.1,0.6,22,19,105,0.17,0.06,0.35,0.04
Diego Carlos,brBRA,DF,Aston Villa,32-027,10,8,830,0,0,1,0,0.6,0.6,0.0,3,34,0,0.00,0.00,0.07,0.00
Fabio Carvalho,ptPOR,"FW,MF",Brentford,22-224,19,3,455,2,1,1,0,2.5,2.5,0.7,9,17,23,0.40,0.20,0.49,0.13
Casemiro,brBRA,MF,Manchester Utd,33-047,21,15,1271,1,0,3,0,1.5,1.5,2.2,4,65,26,0.07,0.00,0.10,0.16
Kaelan Casey,engENG,DF,West Ham,20-165,1,0,1,0,0,0,0,0.0,0.0,0.0,0,0,0,0.00,0.00,0.00,0.00
Matty Cash,plPOL,DF,Aston Villa,27-247,20,17,1476,1,1,6,0,0.3,0.3,1.1,39,32,53,0.06,0.06,0.02,0.07
Eiran Cashin,ieIRL,DF,Brighton,23-153,1,0,19,0,0,0,0,0.0,0.0,0.0,0,5,1,0.00,0.00,0.00,0.00
Timothy Castagne,beBEL,DF,Fulham,29-127,21,16,1522,0,1,1,0,0.4,0.4,1.2,17,58,65,0.00,0.06,0.02,0.07
Trevoh Chalobah,engENG,DF,Crystal Palace,25-280,12,12,1060,3,0,1,0,1.2,1.2,0.4,11,34,6,0.25,0.00,0.10,0.03
Trevoh Chalobah,engENG,DF,Chelsea,25-280,8,6,476,0,1,1,0,0.2,0.2,1.2,2,18,0,0.00,0.19,0.05,0.22
Conor Chaplin,engENG,"MF,FW",Ipswich Town,28-054,16,7,624,1,1,1,0,1.2,1.2,0.6,10,25,20,0.14,0.14,0.17,0.09
Youssef Chermiti,ptPOR,"FW,MF",Everton,20-322,2,0,17,0,0,1,0,0.1,0.1,0.0,0,1,4,0.00,0.00,0.36,0.00
Federico Chiesa,itITA,FW,Liverpool,27-168,4,0,37,0,0,0,0,0.2,0.2,0.0,2,2,6,0.00,0.00,0.60,0.00
Ben Chilwell,engENG,DF,Crystal Palace,28-111,5,0,111,0,0,1,0,0.1,0.1,0.2,1,3,7,0.00,0.00,0.06,0.16
Chiquinho,ptPOR,MF,Wolves,25-065,1,0,7,0,0,0,0,0.0,0.0,0.0,0,0,0,0.00,0.00,0.00,0.42
Hamza Choudhury,bdBAN,"MF,DF",Leicester City,27-192,4,1,131,0,0,0,0,0.0,0.0,0.4,4,3,6,0.00,0.00,0.00,0.27
Ryan Christie,sctSCO,MF,Bournemouth,30-048,29,27,2117,2,3,9,0,1.8,1.8,3.5,34,137,44,0.09,0.13,0.08,0.15
Harry Clarke,engENG,DF,Ipswich Town,24-040,7,4,379,0,0,3,1,0.1,0.1,0.0,5,14,2,0.00,0.00,0.02,0.01
Jack Clarke,engENG,"FW,MF",Ipswich Town,24-139,25,8,890,0,4,2,0,0.9,0.9,1.9,25,28,47,0.00,0.40,0.10,0.19
Nathaniel Clyne,engENG,"DF,MF",Crystal Palace,34-006,12,5,455,0,0,1,0,0.0,0.0,0.3,6,7,8,0.00,0.00,0.00,0.06
Conor Coady,engENG,DF,Leicester City,32-045,15,12,1084,0,0,1,0,0.0,0.0,0.1,2,26,0,0.00,0.00,0.00,0.00
Séamus Coleman,ieIRL,DF,Everton,36-182,3,2,197,0,0,1,0,0.6,0.6,0.0,1,8,2,0.00,0.00,0.26,0.00
Nathan Collins,ieIRL,DF,Brentford,23-346,31,31,2790,2,1,4,0,2.3,2.3,1.4,24,106,17,0.06,0.03,0.07,0.04
Toby Collyer,engENG,MF,Manchester Utd,21-098,6,0,179,0,0,0,0,0.2,0.2,0.3,0,5,2,0.00,0.00,0.09,0.13
Levi Colwill,engENG,DF,Chelsea,22-044,28,28,2519,1,1,7,0,0.7,0.7,1.1,10,109,7,0.04,0.04,0.03,0.04
Lewis Cook,engENG,"MF,DF",Bournemouth,28-067,30,28,2572,1,3,7,0,0.9,0.9,4.1,33,147,46,0.03,0.10,0.03,0.14
Maxwel Cornet,ciCIV,FW,Southampton,28-196,2,1,72,0,0,1,0,0.2,0.2,0.0,1,0,5,0.00,0.00,0.20,0.00
Vladimír Coufal,czCZE,DF,West Ham,32-232,15,8,736,0,0,2,0,0.2,0.2,0.6,11,28,21,0.00,0.00,0.02,0.08
Woyo Coulibaly,frFRA,DF,Leicester City,25-326,4,1,109,0,0,1,0,0.0,0.0,0.0,4,3,2,0.00,0.00,0.04,0.00
Aaron Cresswell,engENG,DF,West Ham,35-117,14,7,589,0,0,2,0,0.1,0.1,1.1,4,24,2,0.00,0.00,0.02,0.17
Marc Cucurella,esESP,DF,Chelsea,26-263,29,26,2358,4,1,9,1,2.2,2.2,1.7,29,91,96,0.15,0.04,0.08,0.07
Jorge Cuenca,esESP,DF,Fulham,25-145,6,3,259,0,0,0,0,0.0,0.0,0.0,0,9,0,0.00,0.00,0.01,0.00
Matheus Cunha,brBRA,"MF,FW",Wolves,25-319,26,24,2143,13,4,3,0,6.7,6.7,6.6,92,112,137,0.55,0.17,0.28,0.28
Patson Daka,zmZAM,"FW,MF",Leicester City,26-184,18,5,587,1,0,0,0,0.8,0.8,0.0,8,8,30,0.15,0.00,0.12,0.00
Diogo Dalot,ptPOR,DF,Manchester Utd,26-024,30,30,2666,0,2,5,0,2.0,2.0,1.9,60,96,157,0.00,0.07,0.07,0.06
Mikkel Damsgaard,dkDEN,"MF,FW",Brentford,24-282,31,27,2330,2,10,2,0,2.6,2.6,7.3,59,195,110,0.08,0.39,0.10,0.28
Danilo,brBRA,"MF,FW",Nott'ham Forest,23-347,6,4,210,0,0,0,0,0.0,0.0,0.0,2,10,1,0.00,0.00,0.00,0.00
Jayden Danns,engENG,MF,Liverpool,19-085,1,0,11,0,0,0,0,0.0,0.0,0.0,0,0,0,0.00,0.00,0.00,0.00
Kevin Danso,atAUT,DF,Tottenham,26-204,4,4,347,0,0,0,0,0.3,0.3,0.0,2,7,0,0.00,0.00,0.09,0.01
Ben Davies,wlsWAL,DF,Tottenham,31-352,10,9,811,0,0,2,0,0.2,0.2,0.1,6,38,5,0.00,0.00,0.02,0.01
Leif Davis,engENG,DF,Ipswich Town,25-089,29,28,2471,1,2,5,0,0.9,0.9,4.3,47,55,117,0.04,0.07,0.03,0.16
Craig Dawson,engENG,DF,Wolves,34-340,15,10,971,0,0,2,0,0.5,0.5,0.0,6,20,5,0.00,0.00,0.05,0.00
Kevin De Bruyne,beBEL,MF,Manchester City,33-287,21,13,1193,2,6,2,0,2.7,2.7,6.1,39,116,112,0.15,0.45,0.20,0.46
Liam Delap,engENG,FW,Ipswich Town,22-062,30,29,2324,12,2,8,0,9.0,7.4,1.9,57,29,100,0.46,0.08,0.35,0.07
Sepp van den Berg,nlNED,DF,Brentford,23-112,24,22,1956,0,0,2,0,1.3,1.3,0.2,7,58,26,0.00,0.00,0.06,0.01
Justin Devenny,nirNIR,MF,Crystal Palace,21-182,16,3,332,1,0,0,0,0.5,0.5,0.3,3,10,9,0.27,0.00,0.14,0.09
Kiernan Dewsbury-Hall,engENG,"MF,FW",Chelsea,26-217,11,2,258,0,1,0,0,0.2,0.2,1.1,5,14,11,0.00,0.35,0.08,0.37
Amad Diallo,ciCIV,"FW,MF",Manchester Utd,22-274,22,17,1594,6,6,3,0,4.1,4.1,3.9,92,53,159,0.34,0.34,0.23,0.22
Rúben Dias,ptPOR,DF,Manchester City,27-332,20,18,1641,0,0,4,0,1.3,1.3,0.3,30,102,6,0.00,0.00,0.07,0.01
Luis Díaz,coCOL,FW,Liverpool,28-088,30,23,1971,10,5,2,0,8.1,8.1,4.2,98,96,246,0.46,0.23,0.37,0.19
Tyler Dibling,engENG,"FW,MF",Southampton,19-030,27,18,1622,2,0,6,0,2.4,2.4,1.5,63,59,85,0.11,0.00,0.13,0.08
Lucas Digne,frFRA,DF,Aston Villa,31-265,29,26,2151,0,4,3,0,0.8,0.8,4.1,21,51,135,0.00,0.17,0.03,0.17
Issa Diop,frFRA,DF,Fulham,28-092,21,15,1339,0,0,2,0,0.5,0.5,0.1,6,25,3,0.00,0.00,0.04,0.01
Axel Disasi,frFRA,DF,Aston Villa,27-031,6,5,460,0,0,2,0,0.1,0.1,0.4,10,15,5,0.00,0.00,0.02,0.08
Axel Disasi,frFRA,DF,Chelsea,27-031,6,4,364,1,0,1,0,0.3,0.3,0.1,6,16,2,0.25,0.00,0.07,0.02
Roman Dixon,engENG,DF,Everton,20-106,1,1,90,0,0,0,0,0.0,0.0,0.0,0,0,1,0.00,0.00,0.00,0.00
Nasser Djiga,bfBFA,DF,Wolves,22-147,3,0,20,0,0,0,0,0.0,0.0,0.0,0,0,1,0.00,0.00,0.00,0.00
Matt Doherty,ieIRL,DF,Wolves,33-085,24,20,1764,2,1,6,0,1.0,1.0,1.5,29,73,39,0.10,0.05,0.05,0.08
Jeremy Doku,beBEL,"FW,MF",Manchester City,22-319,22,14,1273,3,4,1,0,1.0,1.0,3.5,166,59,223,0.21,0.28,0.07,0.25
Nicolás Domínguez,arARG,"MF,FW",Nott'ham Forest,26-287,27,17,1493,0,0,8,0,1.4,1.4,1.2,12,58,22,0.00,0.00,0.08,0.07
Patrick Dorgu,dkDEN,DF,Manchester Utd,20-167,5,5,402,0,0,1,1,0.3,0.3,0.4,20,19,43,0.00,0.00,0.08,0.09
Alfie Dorrington,engENG,DF,Tottenham,19-356,1,0,14,0,0,0,0,0.0,0.0,0.0,0,0,0,0.00,0.00,0.00,0.00
Abdoulaye Doucouré,mlMLI,MF,Everton,32-100,27,26,2155,2,1,4,1,3.2,3.2,2.0,35,67,79,0.08,0.04,0.13,0.09
Cheick Doucouré,mlMLI,MF,Crystal Palace,25-093,13,4,452,0,0,1,0,0.4,0.4,0.0,2,19,7,0.00,0.00,0.08,0.00
Flynn Downes,engENG,MF,Southampton,26-081,21,19,1611,1,0,10,0,0.6,0.6,0.9,21,55,26,0.06,0.00,0.03,0.05
Tommy Doyle,engENG,MF,Wolves,23-176,24,3,488,0,1,1,0,0.6,0.6,0.5,6,40,4,0.00,0.18,0.10,0.09
Radu Drăgușin,roROU,DF,Tottenham,23-067,16,14,1252,0,0,1,0,0.1,0.1,0.4,7,37,2,0.00,0.00,0.01,0.03
Martin Dúbravka,skSVK,GK,Newcastle Utd,36-086,10,10,900,0,0,0,0,0.0,0.0,0.0,0,0,0,0.00,0.00,0.00,0.00
Lewis Dunk,engENG,DF,Brighton,33-141,21,19,1723,0,0,4,0,0.7,0.7,0.5,20,127,3,0.00,0.00,0.04,0.03
Jáder Durán,coCOL,FW,Aston Villa,21-119,20,4,638,7,0,3,1,4.9,4.9,0.2,7,13,44,0.99,0.00,0.69,0.03
Ederson,brBRA,GK,Manchester City,31-237,21,21,1890,0,3,3,0,0.0,0.0,0.8,0,1,0,0.00,0.14,0.00,0.04
George Edmundson,engENG,DF,Ipswich Town,27-223,1,0,2,0,0,0,0,0.0,0.0,0.0,0,0,0,0.00,0.00,0.00,0.00
Odsonne Édouard,frFRA,"MF,FW",Crystal Palace,27-085,2,1,115,0,0,0,0,0.4,0.4,0.0,2,4,7,0.00,0.00,0.31,0.04
Odsonne Édouard,frFRA,FW,Leicester City,27-085,4,0,29,0,0,0,0,0.0,0.0,0.0,0,1,2,0.00,0.00,0.00,0.13
Samuel Edozie,engENG,"DF,FW",Southampton,22-073,2,0,65,0,0,1,0,0.0,0.0,0.1,6,4,23,0.00,0.00,0.00,0.14
Ronnie Edwards,engENG,DF,Southampton,22-014,1,0,12,0,0,0,0,0.0,0.0,0.0,0,0,0,0.00,0.00,0.00,0.00
Anthony Elanga,seSWE,FW,Nott'ham Forest,22-349,31,25,1975,6,8,1,0,3.9,3.9,4.3,79,46,161,0.27,0.36,0.18,0.20
Harvey Elliott,engENG,"MF,FW",Liverpool,22-007,12,0,164,0,1,0,0,0.4,0.4,0.8,7,23,20,0.00,0.55,0.23,0.42
Yunus Emre Konak,trTUR,"FW,MF",Brentford,19-091,7,0,31,0,0,0,0,0.2,0.2,0.0,1,2,1,0.00,0.00,0.44,0.00
Julio Enciso,pyPAR,"FW,MF",Ipswich Town,21-078,7,6,430,0,2,3,0,0.7,0.7,1.0,11,18,24,0.00,0.42,0.14,0.21
Julio Enciso,pyPAR,"MF,FW",Brighton,21-078,12,2,294,0,0,0,0,1.0,1.0,0.2,11,14,17,0.00,0.00,0.31,0.07
Wataru Endo,jpJPN,MF,Liverpool,32-061,15,0,148,0,0,0,0,0.0,0.0,0.0,0,9,1,0.00,0.00,0.00,0.01
Christian Eriksen,dkDEN,MF,Manchester Utd,33-056,17,9,813,0,1,3,0,0.2,0.2,2.4,8,40,23,0.00,0.11,0.02,0.26
Romain Esse,engENG,MF,Crystal Palace,19-333,2,0,8,1,0,0,0,0.3,0.3,0.0,0,1,2,11.25,0.00,3.21,0.00
Pervis Estupiñán,ecECU,DF,Brighton,27-080,24,20,1862,1,1,3,0,0.7,0.7,1.9,48,86,93,0.05,0.05,0.04,0.09
Evanilson,brBRA,FW,Bournemouth,25-187,24,21,1723,9,0,0,0,10.3,9.5,1.5,24,17,79,0.47,0.00,0.54,0.08
Jonny Evans,nirNIR,DF,Manchester Utd,37-098,6,3,290,0,0,1,0,0.1,0.1,0.0,1,8,2,0.00,0.00,0.03,0.00
Eberechi Eze,engENG,"MF,FW",Crystal Palace,26-286,26,24,2095,2,8,1,0,6.4,6.4,4.7,62,83,135,0.09,0.34,0.27,0.20
Łukasz Fabiański,plPOL,GK,West Ham,39-358,13,12,1070,0,0,2,0,0.0,0.0,0.0,0,0,0,0.00,0.00,0.00,0.00
Wout Faes,beBEL,DF,Leicester City,27-008,28,24,2275,1,0,3,0,1.4,1.4,0.1,11,72,1,0.04,0.00,0.05,0.00
Abdul Fatawu Issahaku,ghGHA,FW,Leicester City,21-034,11,6,579,0,2,0,0,0.4,0.4,1.6,42,17,60,0.00,0.31,0.06,0.24
João Félix,ptPOR,"FW,MF",Chelsea,25-152,12,3,369,1,1,2,0,2.2,2.2,1.0,21,26,30,0.24,0.24,0.54,0.23
Evan Ferguson,ieIRL,FW,West Ham,20-174,6,1,140,0,0,0,0,0.6,0.6,0.3,1,0,6,0.00,0.00,0.36,0.19
Evan Ferguson,ieIRL,FW,Brighton,20-174,13,2,246,1,0,0,0,0.5,0.5,0.4,2,1,9,0.37,0.00,0.20,0.15
Bruno Fernandes,ptPOR,MF,Manchester Utd,30-215,30,30,2555,8,9,4,2,8.8,6.5,6.6,60,251,112,0.28,0.32,0.31,0.23
Mateus Fernandes,ptPOR,MF,Southampton,20-275,29,27,2321,2,3,7,0,3.7,3.7,2.4,65,120,91,0.08,0.12,0.14,0.09
Enzo Fernández,arARG,MF,Chelsea,24-084,29,25,2320,5,5,7,0,5.1,5.1,5.3,47,173,93,0.19,0.19,0.20,0.21
Mark Flekken,nlNED,GK,Brentford,31-302,30,30,2645,0,1,1,0,0.0,0.0,0.2,0,0,0,0.00,0.03,0.00,0.01
Phil Foden,engENG,"MF,FW",Manchester City,24-318,25,19,1686,7,2,2,0,5.1,5.1,4.7,47,95,119,0.37,0.11,0.27,0.25
Wesley Fofana,frFRA,DF,Chelsea,24-115,14,14,1172,0,0,7,0,0.4,0.4,0.4,19,32,4,0.00,0.00,0.03,0.03
Carlos Forbs,ptPOR,"MF,FW",Wolves,21-023,9,1,237,0,0,2,0,0.1,0.1,0.0,9,8,28,0.00,0.00,0.05,0.01
Fraser Forster,engENG,GK,Tottenham,37-025,7,7,630,0,0,0,0,0.0,0.0,0.0,0,0,0,0.00,0.00,0.00,0.00
Matheus França,brBRA,"MF,DF",Crystal Palace,21-010,1,0,15,1,0,0,0,0.1,0.1,0.0,1,2,1,6.00,0.00,0.36,0.00
Ryan Fraser,sctSCO,"FW,DF",Southampton,31-046,8,4,306,0,0,0,1,0.0,0.0,0.1,10,8,18,0.00,0.00,0.01,0.03
Niclas Füllkrug,deGER,FW,West Ham,32-061,11,3,452,3,1,2,0,1.7,1.7,1.5,4,5,15,0.60,0.20,0.34,0.30
Cody Gakpo,nlNED,FW,Liverpool,25-339,28,17,1470,8,3,4,0,6.0,6.0,3.5,40,46,216,0.49,0.18,0.37,0.21
Idrissa Gana Gueye,snSEN,MF,Everton,35-197,30,28,2447,0,3,6,0,1.0,1.0,1.7,20,112,21,0.00,0.11,0.04,0.06
Andrés García,esESP,"DF,MF",Aston Villa,22-063,6,5,312,0,0,0,0,0.0,0.0,0.2,25,15,27,0.00,0.00,0.01,0.05
Alejandro Garnacho,arARG,"MF,FW",Manchester Utd,20-284,30,19,1822,4,1,2,0,6.0,6.0,2.8,118,46,241,0.20,0.05,0.30,0.14
James Garner,engENG,"MF,DF",Everton,24-029,14,10,964,0,1,3,0,0.1,0.1,1.1,7,27,17,0.00,0.09,0.01,0.10
Tyrique George,engENG,FW,Chelsea,19-066,5,0,89,0,1,1,0,0.1,0.1,0.7,9,2,16,0.00,1.01,0.13,0.73
Morgan Gibbs-White,engENG,MF,Nott'ham Forest,25-074,27,27,2198,5,7,8,1,4.2,4.2,4.4,61,136,109,0.20,0.29,0.17,0.18
Billy Gilmour,sctSCO,MF,Brighton,23-304,2,1,98,0,0,0,0,0.1,0.1,0.0,2,11,2,0.00,0.00,0.07,0.00
Ben Godfrey,engENG,DF,Ipswich Town,27-086,2,2,108,0,0,1,0,0.0,0.0,0.0,2,4,1,0.00,0.00,0.00,0.00
Martial Godo,engENG,FW,Fulham,22-028,1,0,16,0,0,0,0,0.0,0.0,0.0,0,0,3,0.00,0.00,0.00,0.00
João Gomes,brBRA,MF,Wolves,24-058,29,29,2429,3,1,10,1,2.6,2.6,1.1,49,140,61,0.11,0.04,0.09,0.04
Rodrigo Gomes,ptPOR,"DF,FW",Wolves,21-278,18,6,595,1,0,0,0,0.4,0.4,0.8,19,23,57,0.15,0.00,0.05,0.12
Toti Gomes,ptPOR,DF,Wolves,26-085,24,23,1984,0,1,4,0,0.7,0.7,0.9,20,63,12,0.00,0.05,0.03,0.04
Diego Gómez,pyPAR,MF,Brighton,22-015,9,4,396,0,0,0,0,0.3,0.3,0.5,5,18,11,0.00,0.00,0.07,0.12
Joe Gomez,engENG,DF,Liverpool,27-323,9,6,519,0,0,1,0,0.3,0.3,0.1,5,35,2,0.00,0.00,0.06,0.02
Nicolás González,esESP,MF,Manchester City,23-098,6,6,480,0,0,2,0,0.2,0.2,0.1,5,33,8,0.00,0.00,0.04,0.01
Anthony Gordon,engENG,FW,Newcastle Utd,24-046,26,25,2108,6,5,2,0,7.8,6.3,4.9,104,88,187,0.26,0.21,0.34,0.21
Ryan Gravenberch,nlNED,MF,Liverpool,22-330,31,31,2651,0,3,5,0,0.9,0.9,2.8,59,149,49,0.00,0.10,0.03,0.10
Archie Gray,engENG,"DF,MF",Tottenham,19-030,22,13,1256,0,0,0,0,0.0,0.0,0.1,4,27,7,0.00,0.00,0.00,0.01
Jack Grealish,engENG,"FW,MF",Manchester City,29-213,18,7,716,1,1,3,0,1.1,1.1,1.8,69,52,118,0.13,0.13,0.14,0.23
Jacob Greaves,engENG,DF,Ipswich Town,24-211,19,19,1665,1,0,4,0,1.2,1.2,0.0,6,48,4,0.05,0.00,0.07,0.00
Brajan Gruda,deGER,"FW,MF",Brighton,20-315,15,6,489,0,1,0,0,0.3,0.3,0.7,15,17,45,0.00,0.18,0.05,0.13
Albert Grønbaek,dkDEN,"FW,MF",Southampton,23-323,4,2,143,0,0,0,0,0.1,0.1,0.0,1,1,3,0.00,0.00,0.07,0.01
Gonçalo Guedes,ptPOR,"MF,FW",Wolves,28-133,24,7,770,2,4,1,0,2.2,2.2,1.1,31,30,58,0.23,0.47,0.25,0.13
Marc Guéhi,engENG,DF,Crystal Palace,24-272,29,29,2609,3,2,9,1,1.7,1.7,1.1,17,119,8,0.10,0.07,0.06,0.04
Luis Guilherme,brBRA,"MF,FW",West Ham,19-061,9,1,109,0,0,0,0,0.1,0.1,0.1,3,3,11,0.00,0.00,0.11,0.07
Bruno Guimarães,brBRA,MF,Newcastle Utd,27-146,30,30,2577,3,6,4,0,2.8,2.8,5.3,44,212,69,0.10,0.21,0.10,0.18
Marc Guiu,esESP,FW,Chelsea,19-097,3,0,73,0,0,0,0,0.0,0.0,0.0,0,0,3,0.00,0.00,0.00,0.04
İlkay Gündoğan,deGER,MF,Manchester City,34-169,27,19,1697,0,3,1,0,1.8,1.8,2.5,44,105,70,0.00,0.16,0.10,0.13
Malo Gusto,frFRA,DF,Chelsea,21-327,26,19,1731,0,1,4,0,1.7,1.7,1.1,44,103,79,0.00,0.05,0.09,0.06
Joško Gvardiol,hrCRO,DF,Manchester City,23-078,30,29,2647,5,0,1,0,4.2,3.9,2.0,74,218,96,0.17,0.00,0.14,0.07
Erling Haaland,noNOR,FW,Manchester City,24-264,28,28,2480,21,3,2,0,20.8,18.4,2.8,19,18,103,0.76,0.11,0.76,0.10
Lewis Hall,engENG,DF,Newcastle Utd,20-215,27,24,2189,0,4,3,0,0.4,0.4,4.3,41,123,80,0.00,0.16,0.02,0.18
Ali Al Hamadi,iqIRQ,FW,Ipswich Town,23-041,11,0,134,0,0,3,0,0.4,0.4,0.1,4,3,14,0.00,0.00,0.24,0.05
Marcus Harness,engENG,MF,Ipswich Town,29-046,2,0,45,0,0,0,0,0.0,0.0,0.0,0,2,1,0.00,0.00,0.00,0.00
Jack Harrison,engENG,FW,Everton,28-142,27,19,1658,1,0,0,0,3.1,3.1,3.5,49,36,94,0.05,0.00,0.17,0.19
Taylor Harwood-Bellis,engENG,DF,Southampton,23-071,28,26,2300,1,0,7,0,1.7,1.7,0.8,27,107,8,0.04,0.00,0.07,0.03
Kai Havertz,deGER,"FW,MF",Arsenal,25-304,21,21,1839,9,3,4,0,9.4,9.4,2.4,34,59,110,0.44,0.15,0.46,0.12
Ayden Heaven,engENG,DF,Manchester Utd,18-201,2,1,95,0,0,0,0,0.0,0.0,0.0,1,2,1,0.00,0.00,0.00,0.00
Jan Paul van Hecke,nlNED,DF,Brighton,24-307,29,28,2509,1,1,7,1,1.3,1.3,1.5,50,199,5,0.04,0.04,0.05,0.05
Hwang Hee-chan,krKOR,"MF,FW",Wolves,29-075,18,5,637,2,0,0,0,0.8,0.8,0.1,14,11,40,0.28,0.00,0.11,0.02
Dean Henderson,engENG,GK,Crystal Palace,28-030,30,30,2700,0,0,3,0,0.0,0.0,0.1,0,0,0,0.00,0.00,0.00,0.00
Rico Henry,engENG,DF,Brentford,27-277,1,0,4,0,0,0,0,0.0,0.0,0.0,0,0,1,0.00,0.00,0.00,0.00
Mads Hermansen,dkDEN,GK,Leicester City,24-274,24,24,2115,0,0,0,0,0.0,0.0,0.0,0,1,0,0.00,0.00,0.00,0.00
Son Heung-min,krKOR,FW,Tottenham,32-277,28,23,2004,7,9,1,0,7.0,5.4,8.2,87,104,259,0.31,0.40,0.31,0.37
James Hill,engENG,DF,Bournemouth,23-091,10,6,448,0,1,1,0,0.3,0.3,0.3,3,16,8,0.00,0.20,0.06,0.05
Jack Hinshelwood,engENG,"DF,MF",Brighton,20-000,19,17,1415,2,0,4,0,1.4,1.4,0.9,15,52,38,0.13,0.00,0.09,0.05
George Hirst,sctSCO,FW,Ipswich Town,26-055,19,1,300,2,1,1,0,1.1,1.1,0.3,6,10,21,0.60,0.30,0.32,0.08
Mason Holgate,engENG,"FW,DF",Everton,28-171,1,0,6,0,0,0,0,0.0,0.0,0.0,0,0,0,0.00,0.00,0.00,0.00
Callum Hudson-Odoi,engENG,FW,Nott'ham Forest,24-155,26,23,1984,5,2,2,0,2.4,2.4,2.7,116,63,180,0.23,0.09,0.11,0.12
Will Hughes,engENG,MF,Crystal Palace,29-359,25,19,1650,0,3,10,0,0.9,0.9,2.5,18,79,24,0.00,0.16,0.05,0.14
Dean Huijsen,esESP,DF,Bournemouth,19-362,25,20,1874,2,1,7,0,1.7,1.7,1.9,31,92,9,0.10,0.05,0.08,0.09
Omari Hutchinson,engENG,"MF,FW",Ipswich Town,21-163,27,26,2223,3,2,5,0,2.3,2.3,2.5,71,69,131,0.12,0.08,0.09,0.10
Rasmus Højlund,dkDEN,FW,Manchester Utd,22-066,26,18,1549,3,0,2,0,3.0,3.0,1.2,23,15,79,0.17,0.00,0.17,0.07
Igor,brBRA,DF,Brighton,27-063,12,9,903,0,0,4,0,0.0,0.0,0.2,9,44,0,0.00,0.00,0.00,0.02
Danny Ings,engENG,"FW,MF",West Ham,32-262,15,1,284,1,2,0,0,2.3,2.3,1.3,6,5,29,0.32,0.63,0.72,0.41
Tim Iroegbunam,engENG,MF,Everton,21-285,15,5,554,0,1,3,0,0.2,0.2,0.2,8,14,9,0.00,0.16,0.04,0.03
Andy Irving,sctSCO,MF,West Ham,24-333,10,1,166,0,0,2,0,0.1,0.1,0.2,0,9,4,0.00,0.00,0.06,0.13
Alexander Isak,seSWE,FW,Newcastle Utd,25-202,27,27,2188,20,5,1,0,16.3,14.7,3.8,72,68,174,0.82,0.21,0.67,0.16
Alex Iwobi,ngNGA,"FW,MF",Fulham,28-343,31,29,2463,8,5,1,0,4.1,4.1,6.2,119,171,202,0.29,0.18,0.15,0.23
Nicolas Jackson,snSEN,FW,Chelsea,23-295,25,23,1862,9,5,6,0,11.7,11.7,4.1,43,30,101,0.44,0.24,0.56,0.20
Reece James,engENG,"DF,MF",Chelsea,25-124,13,9,766,1,0,1,0,0.2,0.2,0.5,5,46,8,0.12,0.00,0.03,0.06
Vitaly Janelt,deGER,MF,Brentford,26-336,30,26,2182,1,3,3,0,0.8,0.8,2.2,17,79,36,0.04,0.12,0.03,0.09
Vitezslav Jaros,czCZE,GK,Liverpool,23-262,1,0,12,0,0,0,0,0.0,0.0,0.0,0,0,0,0.00,0.00,0.00,0.00
Daniel Jebbison,engENG,FW,Bournemouth,21-241,11,0,75,0,0,1,0,0.2,0.2,0.2,2,3,11,0.00,0.00,0.25,0.24
Mathias Jensen,dkDEN,MF,Brentford,29-100,17,8,744,0,1,1,0,0.2,0.2,1.5,6,53,25,0.00,0.12,0.03,0.18
Gabriel Jesus,brBRA,FW,Arsenal,28-008,17,6,608,3,0,4,0,3.0,3.0,0.7,15,19,57,0.44,0.00,0.44,0.10
Raúl Jiménez,mxMEX,FW,Fulham,33-341,31,24,1927,10,3,3,0,10.4,8.1,2.8,30,45,107,0.47,0.14,0.49,0.13
Kim Jisoo,krKOR,DF,Brentford,20-108,3,0,30,0,0,0,0,0.0,0.0,0.0,0,2,0,0.00,0.00,0.00,0.00
João Pedro,brBRA,"FW,MF",Brighton,23-197,25,21,1798,8,6,4,0,7.2,4.8,4.3,61,71,118,0.40,0.30,0.36,0.22
Joelinton,brBRA,"MF,FW",Newcastle Utd,28-240,26,26,2158,4,1,9,0,3.9,3.9,1.6,37,109,100,0.17,0.04,0.16,0.07
Ben Johnson,engENG,"DF,FW",Ipswich Town,25-077,19,11,1132,0,1,3,0,0.9,0.9,0.6,15,22,27,0.00,0.08,0.07,0.05
Brennan Johnson,wlsWAL,FW,Tottenham,23-323,28,21,1879,11,2,5,0,9.8,9.8,2.1,54,62,179,0.53,0.10,0.47,0.10
Sam Johnstone,engENG,GK,Wolves,32-017,7,7,630,0,0,0,0,0.0,0.0,0.0,0,0,0,0.00,0.00,0.00,0.00
Curtis Jones,engENG,"MF,DF",Liverpool,24-071,26,15,1347,3,3,3,1,4.1,4.1,1.0,20,74,65,0.20,0.20,0.27,0.07
Jorginho,itITA,MF,Arsenal,33-112,13,8,613,0,0,5,0,0.0,0.0,0.4,10,42,4,0.00,0.00,0.01,0.06
Diogo Jota,ptPOR,FW,Liverpool,28-128,20,12,984,6,3,2,0,6.8,6.8,1.8,34,28,81,0.55,0.27,0.62,0.16
James Justin,engENG,DF,Leicester City,27-047,29,29,2436,2,1,5,0,1.5,1.5,0.5,35,75,90,0.07,0.04,0.05,0.02
Filip Jørgensen,dkDEN,GK,Chelsea,22-360,6,6,540,0,0,0,0,0.0,0.0,0.0,0,0,0,0.00,0.00,0.00,0.00
Ferdi Kadioglu,trTUR,"DF,MF",Brighton,25-186,6,5,385,1,0,1,0,0.4,0.4,0.2,1,15,27,0.23,0.00,0.10,0.04
Daichi Kamada,jpJPN,MF,Crystal Palace,28-249,26,11,1108,0,0,2,1,0.8,0.8,1.1,18,65,43,0.00,0.00,0.07,0.09
Boubacar Kamara,frFRA,MF,Aston Villa,25-139,19,14,1200,0,0,2,0,0.4,0.4,0.5,16,65,5,0.00,0.00,0.03,0.04
Michael Kayode,itITA,DF,Brentford,20-275,5,0,41,0,0,0,0,0.0,0.0,0.2,2,1,6,0.00,0.00,0.00,0.33
Michael Keane,engENG,DF,Everton,32-090,10,9,813,2,0,4,0,0.4,0.4,0.1,1,12,3,0.22,0.00,0.05,0.01
Caoimhín Kelleher,ieIRL,GK,Liverpool,26-139,10,10,900,0,0,0,0,0.0,0.0,0.0,0,0,0,0.00,0.00,0.00,0.00
Lloyd Kelly,engENG,DF,Newcastle Utd,26-187,10,4,303,0,1,2,0,0.4,0.4,0.5,0,9,5,0.00,0.30,0.12,0.14
Milos Kerkez,huHUN,DF,Bournemouth,21-155,31,31,2717,2,5,4,0,0.5,0.5,3.2,85,130,151,0.07,0.17,0.02,0.11
Bilal El Khannouss,maMAR,MF,Leicester City,20-336,26,21,1658,2,1,3,0,0.7,0.7,2.4,54,104,70,0.11,0.05,0.04,0.13
Abdukodir Khusanov,uzUZB,DF,Manchester City,21-041,6,6,503,0,0,1,0,0.0,0.0,0.1,1,25,2,0.00,0.00,0.00,0.02
Max Kilman,engENG,DF,West Ham,27-323,31,31,2718,0,1,3,0,1.4,1.4,1.0,26,99,5,0.00,0.03,0.05,0.03
Joshua King,engENG,"MF,FW",Fulham,18-098,5,1,80,0,0,0,0,0.2,0.2,0.4,1,4,9,0.00,0.00,0.22,0.48
Antonín Kinský,czCZE,GK,Tottenham,22-029,4,4,360,0,0,0,0,0.0,0.0,0.1,1,1,0,0.00,0.00,0.00,0.02
Jakub Kiwior,plPOL,DF,Arsenal,25-055,10,3,492,0,0,0,0,0.1,0.1,0.2,4,17,0,0.00,0.00,0.01,0.04
Justin Kluivert,nlNED,"MF,FW",Bournemouth,25-341,28,24,1936,12,6,6,0,9.9,5.1,4.7,64,88,132,0.56,0.28,0.46,0.22
Ibrahima Konaté,frFRA,DF,Liverpool,25-321,25,24,2050,1,2,5,0,1.6,1.6,0.9,21,95,2,0.04,0.09,0.07,0.04
Ezri Konsa,engENG,DF,Aston Villa,27-170,27,26,2306,1,0,0,0,0.7,0.7,0.2,16,60,11,0.04,0.00,0.03,0.01
Mateo Kovačić,hrCRO,MF,Manchester City,30-340,25,20,1771,4,1,5,0,1.4,1.4,3.4,48,130,14,0.20,0.05,0.07,0.17
Caleb Kporha,engENG,DF,Crystal Palace,18-270,2,0,13,0,0,0,0,0.0,0.0,0.0,1,0,0,0.00,0.00,0.00,0.00
Emil Krafth,seSWE,DF,Newcastle Utd,30-252,6,2,248,0,0,0,0,0.0,0.0,0.1,1,2,1,0.00,0.00,0.01,0.03
Mohammed Kudus,ghGHA,"FW,MF",West Ham,24-252,25,25,2077,3,2,1,1,5.9,5.9,2.2,81,64,175,0.13,0.09,0.25,0.10
Dejan Kulusevski,seSWE,"MF,FW",Tottenham,24-351,27,24,2154,7,4,3,0,4.1,4.1,6.1,115,118,199,0.29,0.17,0.17,0.25
Maxence Lacroix,frFRA,DF,Crystal Palace,25-005,27,27,2424,1,1,4,0,2.8,2.8,0.4,8,54,6,0.04,0.04,0.11,0.01
Adam Lallana,engENG,MF,Southampton,36-336,14,5,361,0,2,4,0,0.2,0.2,0.9,6,24,10,0.00,0.50,0.04,0.23
Tariq Lamptey,ghGHA,DF,Brighton,24-193,13,9,765,2,2,0,0,0.4,0.4,0.8,25,12,40,0.24,0.24,0.05,0.09
Will Lankshear,engENG,"FW,MF",Tottenham,19-356,3,0,11,0,0,0,0,0.0,0.0,0.0,0,0,1,0.00,0.00,0.00,0.00
Roméo Lavia,beBEL,MF,Chelsea,21-095,11,8,541,0,1,4,0,0.2,0.2,0.7,3,18,6,0.00,0.17,0.03,0.11
Mario Lemina,gaGAB,"MF,DF",Wolves,31-222,17,15,1364,1,3,4,0,1.4,1.4,1.1,8,48,21,0.07,0.20,0.09,0.07
Bernd Leno,deGER,GK,Fulham,33-038,31,31,2790,0,1,4,0,0.0,0.0,0.1,0,0,0,0.00,0.03,0.00,0.00
Jefferson Lerma,coCOL,"MF,DF",Crystal Palace,30-168,25,20,1721,0,1,5,0,0.9,0.9,1.5,10,80,24,0.00,0.05,0.05,0.08
Rico Lewis,engENG,"DF,MF",Manchester City,20-141,25,19,1720,1,2,5,1,1.4,1.4,0.3,36,99,65,0.05,0.10,0.07,0.02
Keane Lewis-Potter,engENG,"DF,FW",Brentford,24-048,31,29,2549,1,2,5,0,2.6,2.6,2.5,88,85,132,0.04,0.07,0.09,0.09
Myles Lewis-Skelly,engENG,DF,Arsenal,18-197,16,11,930,1,0,2,2,0.0,0.0,0.2,24,50,24,0.10,0.00,0.00,0.02
Matthijs de Ligt,nlNED,DF,Manchester Utd,25-242,28,24,2089,2,0,3,0,2.5,2.5,0.3,7,55,6,0.09,0.00,0.11,0.01
Pedro Lima,brBRA,DF,Wolves,18-284,3,1,70,0,0,0,0,0.1,0.1,0.1,4,4,11,0.00,0.00,0.07,0.09
Victor Lindelöf,seSWE,DF,Manchester Utd,30-268,9,2,277,0,0,1,0,0.0,0.0,0.1,1,5,1,0.00,0.00,0.00,0.03
Jesper Lindstrøm,dkDEN,FW,Everton,25-041,25,15,1239,0,1,2,0,2.1,2.1,2.0,30,25,81,0.00,0.07,0.15,0.15
Valentino Livramento,engENG,DF,Newcastle Utd,22-150,29,24,2120,0,1,1,0,0.2,0.2,2.2,57,114,77,0.00,0.04,0.01,0.09
Sean Longstaff,engENG,MF,Newcastle Utd,27-163,22,8,772,0,0,2,0,0.6,0.6,0.2,4,38,20,0.00,0.00,0.07,0.02
Saša Lukić,rsSRB,MF,Fulham,28-241,24,23,1879,0,2,12,0,0.8,0.8,2.6,32,75,26,0.00,0.10,0.04,0.12
Joe Lumley,engENG,GK,Southampton,30-055,3,3,270,0,0,0,0,0.0,0.0,0.0,0,0,0,0.00,0.00,0.00,0.00
Massimo Luongo,auAUS,MF,Ipswich Town,32-198,7,2,181,0,0,0,0,0.0,0.0,0.0,0,5,1,0.00,0.00,0.00,0.00
Ian Maatsen,nlNED,DF,Aston Villa,23-032,23,5,707,0,2,2,0,0.4,0.4,2.3,21,35,70,0.00,0.25,0.05,0.29
Alexis Mac Allister,arARG,MF,Liverpool,26-108,30,27,2291,4,3,6,0,2.4,2.4,4.1,31,156,65,0.16,0.12,0.09,0.16
James Maddison,engENG,MF,Tottenham,28-139,29,19,1690,9,6,6,0,5.8,5.8,3.9,40,153,84,0.48,0.32,0.31,0.21
Noni Madueke,engENG,FW,Chelsea,23-032,25,20,1534,7,3,3,0,7.7,7.7,3.6,114,58,185,0.41,0.18,0.45,0.21
Gabriel Magalhães,brBRA,DF,Arsenal,27-113,28,28,2363,3,1,4,0,2.6,2.6,0.9,10,126,11,0.11,0.04,0.10,0.03
Edmond-Paris Maghoma,engENG,"MF,FW",Brentford,23-338,8,0,119,0,0,0,0,0.1,0.1,0.1,4,13,4,0.00,0.00,0.09,0.08
Harry Maguire,engENG,DF,Manchester Utd,32-037,22,16,1418,1,0,7,0,1.4,1.4,0.3,6,42,5,0.06,0.00,0.09,0.02
Kobbie Mainoo,engENG,MF,Manchester Utd,19-357,18,15,1285,0,0,5,0,0.5,0.5,1.5,19,52,35,0.00,0.00,0.04,0.11
Tyrell Malacia,nlNED,DF,Manchester Utd,25-237,3,2,100,0,0,1,0,0.0,0.0,0.0,3,3,6,0.00,0.00,0.00,0.03
Donyell Malen,nlNED,FW,Aston Villa,26-092,8,2,234,2,0,0,0,1.4,1.4,0.0,6,5,18,0.77,0.00,0.52,0.01
Orel Mangala,beBEL,MF,Everton,27-024,19,14,1261,1,0,2,0,1.1,1.1,0.6,6,34,19,0.07,0.00,0.08,0.05
Ryan Manning,ieIRL,DF,Southampton,28-301,19,14,1114,0,0,2,0,0.3,0.3,2.6,12,24,61,0.00,0.00,0.02,0.21
Solly March,engENG,"MF,FW",Brighton,30-265,5,0,59,0,0,2,0,0.1,0.1,0.1,0,1,7,0.00,0.00,0.10,0.10
Omar Marmoush,egEGY,"FW,MF",Manchester City,26-063,9,8,655,5,0,0,0,2.8,2.8,1.0,13,18,44,0.69,0.00,0.38,0.13
Gabriel Martinelli,brBRA,"FW,MF",Arsenal,23-297,26,18,1704,6,4,1,0,4.9,4.9,4.3,102,40,223,0.32,0.21,0.26,0.23
Emiliano Martínez,arARG,GK,Aston Villa,32-221,30,30,2610,0,0,4,0,0.0,0.0,0.5,0,2,0,0.00,0.00,0.00,0.02
Lisandro Martínez,arARG,DF,Manchester Utd,27-083,20,20,1751,2,1,7,0,1.3,1.3,1.1,23,117,7,0.10,0.05,0.07,0.06
Pape Matar Sarr,snSEN,MF,Tottenham,22-209,29,16,1457,3,2,6,0,3.1,3.1,1.5,28,74,41,0.19,0.12,0.19,0.10
Jean-Philippe Mateta,frFRA,FW,Crystal Palace,27-287,29,27,2257,13,2,2,0,11.6,10.0,3.0,34,44,111,0.52,0.08,0.46,0.12
Stephy Mavididi,engENG,FW,Leicester City,26-315,28,14,1442,3,1,2,0,1.6,1.6,2.5,78,56,124,0.19,0.06,0.10,0.15
Konstantinos Mavropanos,grGRE,DF,West Ham,27-121,27,18,1759,0,0,5,1,1.2,1.2,0.5,15,57,2,0.00,0.00,0.06,0.02
Noussair Mazraoui,maMAR,DF,Manchester Utd,27-148,31,28,2398,0,1,2,0,0.6,0.6,1.3,34,98,44,0.00,0.04,0.02,0.05
Bryan Mbeumo,cmCMR,FW,Brentford,25-247,31,31,2784,16,5,2,0,10.0,6.0,7.0,103,116,287,0.52,0.16,0.32,0.23
James Mcatee,engENG,"MF,FW",Manchester City,22-175,11,0,143,2,0,0,0,1.4,1.4,0.0,5,4,12,1.26,0.00,0.87,0.00
Kasey McAteer,ieIRL,"FW,MF",Leicester City,23-140,12,4,395,0,1,1,0,0.6,0.6,0.4,13,8,36,0.00,0.23,0.13,0.08
Alex McCarthy,engENG,GK,Southampton,35-129,5,5,450,0,0,0,0,0.0,0.0,0.0,0,0,0,0.00,0.00,0.00,0.00
John McGinn,sctSCO,"MF,FW",Aston Villa,30-175,27,23,1885,0,3,6,0,2.2,2.2,3.3,27,87,66,0.00,0.14,0.10,0.16
Dwight McNeil,engENG,"MF,FW",Everton,25-140,14,13,1144,3,3,1,0,0.9,0.9,3.5,31,60,65,0.24,0.24,0.07,0.27
Scott McTominay,sctSCO,MF,Manchester Utd,28-124,2,0,19,0,0,0,0,0.1,0.1,0.0,0,1,2,0.00,0.00,0.33,0.00
Ben Mee,engENG,DF,Brentford,35-202,7,2,183,0,0,2,0,0.0,0.0,0.0,3,11,2,0.00,0.00,0.00,0.00
Jayden Meghoma,engENG,DF,Brentford,18-287,1,0,5,0,0,0,0,0.0,0.0,0.0,0,0,0,0.00,0.00,0.00,0.00
Mikel Merino,esESP,"MF,FW",Arsenal,28-293,23,14,1329,6,1,2,0,3.9,3.9,1.4,8,60,82,0.41,0.07,0.26,0.09
Shumaira Mheuka,engENG,MF,Chelsea,17-173,1,0,1,0,0,0,0,0.1,0.1,0.0,0,0,0,0.00,0.00,5.06,0.00
Nikola Milenković,rsSRB,DF,Nott'ham Forest,27-181,30,30,2700,4,2,4,0,3.6,3.6,0.8,3,43,5,0.13,0.07,0.12,0.03
Lewis Miley,engENG,MF,Newcastle Utd,18-345,10,1,219,1,0,0,0,0.5,0.5,0.0,1,13,6,0.41,0.00,0.22,0.01
James Milner,engENG,MF,Brighton,39-097,3,3,169,0,0,1,0,0.2,0.2,0.2,1,10,10,0.00,0.00,0.09,0.12
Tyrone Mings,engENG,DF,Aston Villa,32-029,11,9,871,0,0,1,0,0.7,0.7,0.2,5,35,0,0.00,0.00,0.08,0.02
Yankuba Minteh,gmGAM,"FW,MF",Brighton,20-263,25,14,1337,5,4,6,0,3.3,3.3,4.3,58,29,141,0.34,0.27,0.22,0.29
Tyrick Mitchell,engENG,DF,Crystal Palace,25-222,30,30,2520,0,4,2,0,1.2,1.2,5.3,51,55,143,0.00,0.14,0.04,0.19
Kaoru Mitoma,jpJPN,"FW,MF",Brighton,27-326,31,28,2467,7,3,1,0,7.5,7.5,4.4,135,80,274,0.26,0.11,0.27,0.16
Jakub Moder,plPOL,MF,Brighton,26-004,4,0,11,0,0,0,0,0.0,0.0,0.2,2,4,0,0.00,0.00,0.00,1.45
Jeremy Monga,N/a,FW,Leicester City,N/a,1,0,17,0,0,0,0,0.0,0.0,0.0,0,1,2,0.00,0.00,0.00,0.00
Mikey Moore,engENG,"FW,MF",Tottenham,17-243,7,2,185,0,1,0,0,0.2,0.2,0.3,9,7,30,0.00,0.49,0.10,0.16
Morato,brBRA,DF,Nott'ham Forest,23-285,22,5,754,0,0,2,0,0.2,0.2,0.0,0,14,1,0.00,0.00,0.02,0.00
Álex Moreno,esESP,"DF,MF",Nott'ham Forest,31-307,14,10,865,0,1,2,0,0.2,0.2,1.0,25,30,32,0.00,0.10,0.02,0.10
Sam Morsy,egEGY,MF,Ipswich Town,33-213,26,24,2150,1,1,8,0,0.3,0.3,0.7,13,98,9,0.04,0.04,0.01,0.03
Yerson Mosquera,coCOL,DF,Wolves,23-344,5,5,441,0,0,2,0,0.3,0.3,0.1,0,7,0,0.00,0.00,0.07,0.02
Mason Mount,engENG,"MF,FW",Manchester Utd,26-091,10,4,280,0,0,3,0,0.7,0.7,0.2,4,11,8,0.00,0.00,0.22,0.06
Divin Mubama,engENG,FW,Manchester City,20-168,1,0,28,0,0,0,0,0.0,0.0,0.0,0,1,0,0.00,0.00,0.12,0.00
Mykhailo Mudryk,uaUKR,FW,Chelsea,24-096,7,1,151,0,0,0,0,0.3,0.3,1.0,7,5,12,0.00,0.00,0.15,0.58
Marshall Munetsi,zwZIM,"MF,FW",Wolves,28-293,7,6,518,1,1,0,0,2.8,2.8,0.8,3,5,19,0.17,0.17,0.49,0.14
Rodrigo Muniz,brBRA,FW,Fulham,23-342,30,7,908,8,1,1,0,5.5,5.5,0.7,5,26,31,0.79,0.10,0.55,0.07
Daniel Muñoz,coCOL,DF,Crystal Palace,28-320,29,29,2508,4,4,7,0,4.2,4.2,3.8,42,68,166,0.14,0.14,0.15,0.14
Arijanet Muric,xkKVX,GK,Ipswich Town,26-155,18,18,1620,0,0,1,0,0.0,0.0,0.0,0,1,0,0.00,0.00,0.00,0.00
Murillo,brBRA,DF,Nott'ham Forest,22-281,30,30,2658,1,0,5,0,1.2,1.2,1.1,17,96,4,0.03,0.00,0.04,0.04
Jacob Murphy,engENG,FW,Newcastle Utd,30-046,27,23,1816,7,9,3,0,5.5,5.5,6.7,59,59,163,0.35,0.45,0.27,0.33
Vitaliy Mykolenko,uaUKR,DF,Everton,25-317,28,28,2452,0,1,2,0,0.4,0.4,1.5,27,89,69,0.00,0.04,0.01,0.05
Iliman Ndiaye,snSEN,FW,Everton,25-036,26,23,1973,7,0,3,0,4.5,2.9,1.5,73,41,99,0.32,0.00,0.21,0.07
Wilfred Ndidi,ngNGA,MF,Leicester City,28-116,22,22,1825,0,4,6,0,1.6,1.6,1.7,13,55,71,0.00,0.20,0.08,0.08
Kosta Nedeljković,rsSRB,DF,Aston Villa,19-116,5,0,126,0,0,0,0,0.0,0.0,0.0,1,6,0,0.00,0.00,0.00,0.00
Reiss Nelson,engENG,FW,Arsenal,25-122,1,0,3,0,0,0,0,0.0,0.0,0.0,0,0,0,0.00,0.00,0.00,0.00
Reiss Nelson,engENG,FW,Fulham,25-122,11,5,487,1,1,1,0,1.1,1.1,1.0,45,35,63,0.18,0.18,0.20,0.18
Neto,brBRA,GK,Bournemouth,35-266,2,2,180,0,0,0,0,0.0,0.0,0.0,0,0,0,0.00,0.00,0.00,0.00
Pedro Neto,ptPOR,FW,Chelsea,25-033,28,17,1653,3,4,8,0,2.3,2.3,4.6,97,44,174,0.16,0.22,0.13,0.25
Eddie Nketiah,engENG,"FW,MF",Crystal Palace,25-316,22,7,750,1,1,5,1,3.5,3.5,1.5,32,15,61,0.12,0.12,0.42,0.18
Christopher Nkunku,frFRA,FW,Chelsea,27-148,26,9,917,3,2,2,0,4.8,4.8,2.0,17,25,67,0.29,0.20,0.47,0.20
Matheus Nunes,ptPOR,"DF,MF",Manchester City,26-227,21,14,1224,0,4,3,0,0.5,0.5,3.4,49,55,139,0.00,0.29,0.04,0.25
Darwin Núñez,uyURU,FW,Liverpool,25-291,25,8,1010,5,2,8,0,5.0,5.0,1.2,20,25,67,0.45,0.18,0.44,0.11
Ethan Nwaneri,engENG,"FW,MF",Arsenal,18-021,21,9,716,3,2,1,0,0.9,0.9,1.0,40,27,90,0.38,0.25,0.12,0.13
Christian Nørgaard,dkDEN,MF,Brentford,31-032,27,27,2190,4,2,4,1,3.2,3.2,0.8,12,120,34,0.16,0.08,0.13,0.03
Jake O'Brien,ieIRL,DF,Everton,23-331,14,11,1031,2,0,4,0,0.7,0.7,0.6,6,37,23,0.17,0.00,0.06,0.05
Matt O'Riley,dkDEN,MF,Brighton,24-141,14,6,544,1,1,1,0,1.2,1.2,1.2,11,24,29,0.17,0.17,0.20,0.19
Dara O'Shea,ieIRL,DF,Ipswich Town,26-038,28,28,2492,0,2,6,0,1.1,1.1,0.5,3,66,5,0.00,0.07,0.04,0.02
Chidozie Obi-Martin,dkDEN,FW,Manchester Utd,17-133,3,0,28,0,0,1,0,0.0,0.0,0.0,1,1,2,0.00,0.00,0.00,0.00
Wilson Odobert,frFRA,FW,Tottenham,20-134,10,5,450,0,0,0,0,0.7,0.7,0.1,30,18,40,0.00,0.00,0.13,0.03
Chiedozie Ogbene,ieIRL,FW,Ipswich Town,27-345,5,3,238,0,0,0,0,0.0,0.0,0.1,7,0,15,0.00,0.00,0.00,0.03
Caleb Okoli,itITA,DF,Leicester City,23-272,17,11,1034,0,0,3,0,0.1,0.1,0.0,3,30,2,0.00,0.00,0.01,0.00
Robin Olsen,seSWE,GK,Aston Villa,35-093,3,1,180,0,0,0,0,0.0,0.0,0.0,0,0,0,0.00,0.00,0.00,0.00
Amadou Onana,beBEL,MF,Aston Villa,23-238,19,15,1166,2,0,4,0,1.8,1.8,0.2,16,44,11,0.15,0.00,0.14,0.01
André Onana,cmCMR,GK,Manchester Utd,29-009,31,31,2790,0,0,0,0,0.0,0.0,0.2,0,1,0,0.00,0.00,0.00,0.01
Paul Onuachu,ngNGA,FW,Southampton,30-318,21,9,871,4,1,3,0,3.2,3.2,0.5,7,12,35,0.41,0.10,0.33,0.05
Frank Onyeka,ngNGA,MF,Brentford,27-100,2,0,25,0,0,0,0,0.0,0.0,0.0,0,1,0,0.00,0.00,0.00,0.00
Lewis Orford,engENG,MF,West Ham,19-052,2,0,49,0,0,0,0,0.0,0.0,0.0,0,0,1,0.00,0.00,0.05,0.04
Stefan Ortega,deGER,GK,Manchester City,32-156,10,10,900,0,0,1,0,0.0,0.0,0.0,0,0,0,0.00,0.00,0.00,0.00
William Osula,dkDEN,FW,Newcastle Utd,21-250,11,0,90,0,0,0,0,0.0,0.0,0.1,1,1,7,0.00,0.00,0.04,0.09
Dango Ouattara,bfBFA,FW,Bournemouth,23-059,28,17,1685,7,4,1,0,7.7,7.7,4.8,67,36,169,0.37,0.21,0.41,0.26
Nico O’Reilly,engENG,"DF,MF",Manchester City,20-021,4,2,186,0,0,0,0,0.1,0.1,0.1,9,7,11,0.00,0.00,0.07,0.04
Alex Palmer,engENG,GK,Ipswich Town,28-244,7,7,630,0,0,1,0,0.0,0.0,0.0,0,1,0,0.00,0.00,0.00,0.00
Cole Palmer,engENG,MF,Chelsea,22-340,30,29,2562,14,7,5,0,15.5,12.3,9.1,91,165,149,0.49,0.25,0.54,0.32
Emerson Palmieri,itITA,DF,West Ham,30-251,27,23,1851,2,1,5,0,1.8,1.8,1.5,38,56,72,0.10,0.05,0.09,0.07
Lucas Paquetá,brBRA,"MF,FW",West Ham,27-227,27,23,1987,4,0,7,0,5.1,3.5,2.3,16,114,77,0.18,0.00,0.23,0.10
Thomas Partey,ghGHA,"MF,DF",Arsenal,31-302,29,25,2279,3,2,4,0,1.8,1.8,1.9,30,155,38,0.12,0.08,0.07,0.08
Nathan Patterson,sctSCO,"DF,FW",Everton,23-177,8,1,203,0,0,0,0,0.1,0.1,0.3,4,7,7,0.00,0.00,0.03,0.15
Andreas Pereira,brBRA,MF,Fulham,29-100,28,20,1676,2,4,7,0,3.4,2.6,3.9,21,96,71,0.11,0.21,0.18,0.21
Ricardo Pereira,ptPOR,DF,Leicester City,31-187,5,2,185,0,0,1,0,0.1,0.1,0.0,3,9,5,0.00,0.00,0.04,0.00
Kalvin Phillips,engENG,MF,Ipswich Town,29-130,18,14,1214,0,0,6,1,0.4,0.4,0.2,4,49,4,0.00,0.00,0.03,0.02
Jaden Philogene Bidace,engENG,"FW,MF",Aston Villa,23-062,11,2,332,0,0,4,1,0.5,0.5,0.3,7,4,17,0.00,0.00,0.13,0.08
Jaden Philogene Bidace,engENG,"FW,DF",Ipswich Town,23-062,9,5,469,2,0,1,0,2.0,2.0,0.2,13,10,36,0.38,0.00,0.38,0.05
Jordan Pickford,engENG,GK,Everton,31-035,31,31,2790,0,1,6,0,0.0,0.0,0.4,0,0,0,0.00,0.03,0.00,0.01
Ethan Pinnock,jmJAM,DF,Brentford,31-317,22,21,1913,2,0,2,0,1.1,1.1,1.2,3,41,9,0.09,0.00,0.05,0.05
Daniel Podence,ptPOR,"MF,FW",Wolves,29-172,2,0,48,0,0,0,0,0.0,0.0,0.0,1,2,3,0.00,0.00,0.07,0.00
Alfie Pond,engENG,DF,Wolves,21-041,1,0,1,0,0,0,0,0.0,0.0,0.0,0,0,0,0.00,0.00,0.00,0.00
Nick Pope,engENG,GK,Newcastle Utd,32-357,20,20,1800,0,0,2,0,0.0,0.0,0.0,0,0,0,0.00,0.00,0.00,0.00
Pedro Porro,esESP,DF,Tottenham,25-210,30,25,2373,2,5,4,0,1.5,1.5,3.5,58,136,95,0.08,0.19,0.06,0.13
Jarell Quansah,engENG,DF,Liverpool,22-072,10,2,292,0,0,1,0,0.0,0.0,0.0,2,10,3,0.00,0.00,0.00,0.00
Hákon Rafn Valdimarsson,isISL,GK,Brentford,23-180,2,1,145,0,0,0,0,0.0,0.0,0.0,0,0,0,0.00,0.00,0.00,0.00
Aaron Ramsdale,engENG,GK,Southampton,26-332,23,23,2070,0,0,2,0,0.0,0.0,0.0,0,0,0,0.00,0.00,0.00,0.00
Jacob Ramsey,engENG,"FW,MF",Aston Villa,23-318,23,16,1341,1,3,1,0,1.3,1.3,2.0,52,60,92,0.07,0.20,0.09,0.13
Marcus Rashford,engENG,"FW,MF",Manchester Utd,27-162,15,12,978,4,1,2,0,1.7,1.7,2.1,20,21,79,0.37,0.09,0.16,0.19
Marcus Rashford,engENG,FW,Aston Villa,27-162,7,2,295,1,2,0,0,1.4,1.4,2.0,16,12,35,0.31,0.61,0.44,0.60
David Raya,esESP,GK,Arsenal,29-208,31,31,2790,0,0,2,0,0.0,0.0,0.0,0,11,0,0.00,0.00,0.00,0.00
Harrison Reed,engENG,MF,Fulham,30-074,11,0,93,0,0,2,0,0.2,0.2,0.1,1,4,7,0.00,0.00,0.22,0.07
Remy Rees-Dottin,engENG,FW,Bournemouth,19-036,1,0,1,0,0,0,0,0.0,0.0,0.0,0,0,0,0.00,0.00,0.00,0.00
Sergio Reguilón,esESP,DF,Tottenham,28-116,3,0,123,0,0,2,0,0.1,0.1,0.0,4,12,10,0.00,0.00,0.05,0.02
Bobby Reid,jmJAM,"FW,MF",Leicester City,32-068,20,7,639,1,2,2,0,0.8,0.8,1.2,12,14,40,0.14,0.28,0.11,0.17
Vitor Reis,brBRA,DF,Manchester City,19-089,1,0,1,0,0,0,0,0.0,0.0,0.0,0,0,0,0.00,0.00,0.00,0.00
Chadi Riad,maMAR,DF,Crystal Palace,21-298,1,1,90,0,0,0,0,0.0,0.0,0.0,2,7,0,0.00,0.00,0.00,0.00
Declan Rice,engENG,MF,Arsenal,26-087,29,27,2336,2,5,6,1,2.6,2.6,6.0,78,158,81,0.08,0.19,0.10,0.23
Chris Richards,usUSA,DF,Crystal Palace,25-014,17,15,1338,0,0,2,0,0.5,0.5,0.1,5,33,1,0.00,0.00,0.03,0.01
Richarlison,brBRA,FW,Tottenham,27-336,9,2,279,2,1,1,0,1.2,1.2,0.9,8,10,17,0.65,0.32,0.38,0.29
Andrew Robertson,sctSCO,DF,Liverpool,31-031,29,26,2187,0,0,3,1,0.9,0.9,4.1,57,162,90,0.00,0.00,0.04,0.17
Antonee Robinson,usUSA,DF,Fulham,27-246,31,30,2719,0,10,7,0,0.7,0.7,4.0,106,112,238,0.00,0.33,0.02,0.13
Rodri,esESP,MF,Manchester City,28-293,2,1,65,0,0,0,0,0.0,0.0,0.0,0,4,1,0.00,0.00,0.00,0.06
Guido Rodríguez,arARG,MF,West Ham,30-364,20,14,1018,0,0,5,0,0.2,0.2,0.1,2,31,5,0.00,0.00,0.02,0.01
Mads Roerslev,dkDEN,DF,Brentford,25-291,19,11,1101,0,2,2,0,0.2,0.2,3.0,17,51,54,0.00,0.16,0.02,0.24
Morgan Rogers,engENG,"FW,MF",Aston Villa,22-259,30,30,2513,8,6,8,0,5.8,5.8,6.1,95,101,149,0.29,0.21,0.21,0.22
Cristian Romero,arARG,DF,Tottenham,26-349,16,16,1281,1,0,2,0,1.4,1.4,0.5,12,57,3,0.07,0.00,0.10,0.04
Georginio Rutter,frFRA,"MF,FW",Brighton,22-356,28,19,1656,5,3,2,0,4.6,4.6,2.5,42,67,79,0.27,0.16,0.25,0.14
José Sá,ptPOR,GK,Wolves,32-084,24,24,2160,0,0,2,0,0.0,0.0,0.1,0,2,0,0.00,0.00,0.00,0.01
Bukayo Saka,engENG,"FW,MF",Arsenal,23-218,18,16,1338,6,10,3,0,5.1,4.3,6.0,74,54,204,0.40,0.67,0.34,0.40
Mohamed Salah,egEGY,FW,Liverpool,32-300,31,31,2747,27,17,1,0,22.5,15.5,11.3,128,117,384,0.88,0.56,0.74,0.37
William Saliba,frFRA,DF,Arsenal,24-018,29,29,2544,2,0,2,1,2.2,2.2,0.5,14,121,6,0.07,0.00,0.08,0.02
Robert Sánchez,esESP,GK,Chelsea,27-144,25,25,2250,0,0,5,0,0.0,0.0,0.0,0,1,0,0.00,0.00,0.00,0.00
Jadon Sancho,engENG,FW,Chelsea,25-017,25,18,1587,2,4,1,0,1.9,1.9,3.3,88,78,196,0.11,0.23,0.11,0.19
Ibrahim Sangaré,ciCIV,MF,Nott'ham Forest,27-130,8,3,279,0,1,2,0,0.0,0.0,0.4,0,12,2,0.00,0.32,0.01,0.11
Pablo Sarabia,esESP,"MF,FW",Wolves,32-335,17,6,610,2,2,2,0,2.6,2.6,1.5,11,46,47,0.30,0.30,0.38,0.22
Jeremy Sarmiento,ecECU,MF,Brighton,22-299,1,0,9,0,0,0,0,0.0,0.0,0.0,0,0,2,0.00,0.00,0.00,0.00
Ismaila Sarr,snSEN,MF,Crystal Palace,27-045,30,23,2110,7,3,3,0,7.8,7.8,6.0,59,68,153,0.30,0.13,0.33,0.26
Sávio,brBRA,"FW,MF",Manchester City,21-001,25,20,1648,1,8,3,0,4.8,4.8,6.6,129,65,226,0.05,0.44,0.26,0.36
Oliver Scarles,engENG,DF,West Ham,19-120,12,5,527,0,0,1,0,0.1,0.1,0.0,9,20,38,0.00,0.00,0.02,0.00
Dane Scarlett,engENG,"FW,MF",Tottenham,21-018,3,0,34,0,1,0,0,0.0,0.0,0.0,1,1,1,0.00,2.65,0.09,0.12
Kevin Schade,deGER,FW,Brentford,23-135,31,19,1755,7,2,2,0,5.9,5.9,3.2,54,32,134,0.36,0.10,0.30,0.16
Fabian Schär,chSUI,DF,Newcastle Utd,33-112,26,25,2232,2,0,6,1,1.7,1.7,0.3,12,75,16,0.08,0.00,0.07,0.01
Jeffrey Schlupp,ghGHA,"MF,DF",Crystal Palace,32-109,12,0,103,0,0,0,0,0.2,0.2,0.2,4,5,9,0.00,0.00,0.14,0.14
Alex Scott,engENG,MF,Bournemouth,21-233,14,4,503,0,0,1,0,0.5,0.5,0.3,9,46,22,0.00,0.00,0.09,0.05
Matz Sels,beBEL,GK,Nott'ham Forest,33-044,31,31,2790,0,0,2,0,0.0,0.0,0.0,0,1,0,0.00,0.00,0.00,0.00
Nélson Semedo,ptPOR,DF,Wolves,31-146,27,26,2325,0,4,7,0,0.7,0.7,2.6,60,61,99,0.00,0.15,0.03,0.10
Antoine Semenyo,ghGHA,FW,Bournemouth,25-094,30,30,2645,7,4,9,0,8.9,8.9,5.2,124,93,242,0.24,0.14,0.30,0.18
Marcos Senesi,arARG,DF,Bournemouth,27-336,13,11,963,0,0,4,0,0.8,0.8,0.2,12,50,5,0.00,0.00,0.08,0.02
Ryan Sessegnon,engENG,"FW,DF",Fulham,24-328,9,2,191,3,1,0,0,0.8,0.8,0.6,6,2,16,1.41,0.47,0.40,0.26
Luke Shaw,engENG,DF,Manchester Utd,29-273,2,0,70,0,0,0,0,0.0,0.0,0.0,1,6,0,0.00,0.00,0.00,0.00
Zain Silcott-Duberry,msMSR,FW,Bournemouth,19-276,1,0,1,0,0,0,0,0.0,0.0,0.0,0,0,0,0.00,0.00,0.00,0.00
Bernardo Silva,ptPOR,"MF,FW",Manchester City,30-244,27,23,2131,2,4,6,0,3.0,3.0,4.2,84,99,169,0.08,0.17,0.13,0.18
Jota Silva,ptPOR,"FW,MF",Nott'ham Forest,25-253,26,4,770,3,1,5,0,1.6,1.6,2.9,18,16,50,0.35,0.12,0.19,0.34
Eric da Silva Moreira,deGER,"MF,DF",Nott'ham Forest,18-343,2,0,30,0,0,0,0,0.0,0.0,0.0,1,0,1,0.00,0.00,0.00,0.00
Jahmai Simpson-Pusey,engENG,DF,Manchester City,19-158,2,1,96,0,0,1,0,0.0,0.0,0.0,1,3,0,0.00,0.00,0.00,0.00
Luis Sinisterra,coCOL,"FW,MF",Bournemouth,25-298,12,1,236,1,1,0,0,1.2,1.2,1.4,19,6,38,0.38,0.38,0.46,0.54
Oliver Skipp,engENG,MF,Leicester City,24-207,17,7,824,0,0,5,0,0.1,0.1,0.2,14,23,14,0.00,0.00,0.01,0.02
William Smallbone,ieIRL,MF,Southampton,25-049,13,6,582,1,0,1,0,0.4,0.4,0.6,5,23,21,0.15,0.00,0.06,0.10
Adam Smith,engENG,DF,Bournemouth,33-347,19,14,1146,0,0,5,0,0.6,0.6,0.2,10,33,19,0.00,0.00,0.05,0.01
Emile Smith Rowe,engENG,MF,Fulham,24-257,28,23,1805,5,2,2,0,4.1,4.1,1.1,50,113,106,0.25,0.10,0.21,0.05
Dominic Solanke,engENG,FW,Tottenham,27-209,22,22,1954,7,3,0,0,9.4,9.4,2.9,29,43,84,0.32,0.14,0.43,0.14
Carlos Soler,esESP,"MF,FW",West Ham,28-099,26,12,1180,1,1,5,0,1.2,1.2,1.1,13,50,24,0.08,0.08,0.09,0.08
Ramón Sosa,pyPAR,"FW,MF",Nott'ham Forest,25-223,16,1,263,1,0,1,0,0.9,0.9,0.5,11,4,15,0.34,0.00,0.32,0.17
Tomáš Souček,czCZE,MF,West Ham,30-043,29,25,2150,7,1,8,0,5.3,5.3,1.0,6,66,58,0.29,0.04,0.22,0.04
Boubakary Soumaré,frFRA,MF,Leicester City,26-043,24,20,1728,0,0,8,0,0.2,0.2,0.4,29,88,21,0.00,0.00,0.01,0.02
Djed Spence,engENG,DF,Tottenham,24-245,18,13,1244,1,2,4,1,0.5,0.5,1.7,38,79,56,0.07,0.14,0.03,0.12
Jay Stansfield,engENG,MF,Fulham,22-138,1,0,1,0,0,0,0,0.0,0.0,0.0,0,0,0,0.00,0.00,0.00,0.00
Jason Steele,engENG,GK,Brighton,34-236,2,2,180,0,0,0,0,0.0,0.0,0.0,0,0,0,0.00,0.00,0.00,0.00
Jack Stephens,engENG,DF,Southampton,31-074,13,11,894,0,0,2,2,0.3,0.3,0.1,11,45,1,0.00,0.00,0.03,0.01
Raheem Sterling,engENG,"FW,MF",Arsenal,30-124,13,5,355,0,2,1,0,1.3,1.3,0.4,21,15,63,0.00,0.51,0.33,0.10
Ross Stewart,sctSCO,"FW,MF",Southampton,28-274,5,1,140,0,0,1,0,0.1,0.1,0.0,1,1,5,0.00,0.00,0.07,0.00
Jakub Stolarczyk,plPOL,GK,Leicester City,24-113,6,6,540,0,0,1,0,0.0,0.0,0.0,0,1,0,0.00,0.00,0.00,0.00
John Stones,engENG,"DF,MF",Manchester City,30-318,11,6,548,2,0,1,0,0.4,0.4,0.1,10,21,2,0.33,0.00,0.07,0.01
Jørgen Strand Larsen,noNOR,FW,Wolves,25-064,29,26,2245,11,2,4,0,7.8,7.8,2.4,13,24,92,0.44,0.08,0.31,0.10
Yukinari Sugawara,jpJPN,"DF,MF",Southampton,24-287,28,15,1458,1,1,4,0,0.5,0.5,2.2,32,68,76,0.06,0.06,0.03,0.14
Kamaldeen Sulemana,ghGHA,"FW,MF",Southampton,23-055,19,10,912,1,1,0,0,1.0,1.0,0.7,47,19,64,0.10,0.10,0.10,0.07
Crysencio Summerville,nlNED,"FW,MF",West Ham,23-163,19,7,786,1,1,2,0,1.6,1.6,1.7,29,18,71,0.11,0.11,0.19,0.19
Sammie Szmodics,ieIRL,"FW,MF",Ipswich Town,29-199,19,13,979,4,0,2,0,3.4,3.4,0.2,16,18,46,0.37,0.00,0.31,0.02
Dominik Szoboszlai,huHUN,MF,Liverpool,24-168,29,24,2097,5,3,6,0,6.8,6.8,5.0,63,105,115,0.21,0.13,0.29,0.21
Matt Targett,engENG,DF,Newcastle Utd,29-205,1,0,12,0,0,0,0,0.0,0.0,0.0,0,0,0,0.00,0.00,0.00,0.00
James Tarkowski,engENG,DF,Everton,32-143,31,31,2781,1,1,6,0,1.1,1.1,2.2,9,70,3,0.03,0.03,0.04,0.07
Marcus Tavernier,engENG,"FW,MF",Bournemouth,26-020,22,16,1505,3,5,5,0,5.2,5.2,2.8,36,95,101,0.18,0.30,0.31,0.17
Charlie Taylor,engENG,DF,Southampton,31-205,7,2,266,0,0,1,0,0.0,0.0,0.1,3,8,6,0.00,0.00,0.00,0.03
Jack Taylor,ieIRL,MF,Ipswich Town,26-292,25,1,540,1,0,3,0,0.6,0.6,0.5,9,37,16,0.17,0.00,0.10,0.09
Mathys Tel,frFRA,FW,Tottenham,19-349,6,4,312,1,0,0,0,1.6,0.8,0.1,8,4,17,0.29,0.00,0.46,0.03
Kenny Tete,nlNED,DF,Fulham,29-184,16,15,1271,0,2,3,0,1.0,1.0,0.7,33,42,39,0.00,0.14,0.07,0.05
Thiago,brBRA,FW,Brentford,23-289,4,1,132,0,0,0,0,0.1,0.1,0.1,3,2,4,0.00,0.00,0.07,0.05
Luke Thomas,engENG,DF,Leicester City,23-305,7,6,543,0,0,1,0,0.0,0.0,0.1,2,19,9,0.00,0.00,0.01,0.02
Youri Tielemans,beBEL,MF,Aston Villa,27-339,31,31,2645,2,5,4,0,2.7,1.9,6.2,31,198,38,0.07,0.17,0.09,0.21
Kieran Tierney,sctSCO,"DF,FW",Arsenal,27-310,7,0,97,0,0,0,0,0.2,0.2,0.8,3,6,11,0.00,0.00,0.19,0.76
Jurriën Timber,nlNED,DF,Arsenal,23-298,28,26,2305,1,2,7,0,1.2,1.2,0.8,53,141,103,0.04,0.08,0.05,0.03
Jean-Clair Todibo,frFRA,DF,West Ham,25-102,20,13,1228,0,0,2,0,0.2,0.2,0.0,7,26,4,0.00,0.00,0.01,0.00
Harry Toffolo,engENG,DF,Nott'ham Forest,29-235,3,0,47,0,0,0,0,0.0,0.0,0.0,0,2,4,0.00,0.00,0.03,0.00
Takehiro Tomiyasu,jpJPN,DF,Arsenal,26-157,1,0,7,0,0,0,0,0.2,0.2,0.0,0,1,0,0.00,0.00,2.37,0.00
Sandro Tonali,itITA,MF,Newcastle Utd,24-338,28,20,1910,2,1,5,0,3.2,3.2,0.7,29,87,38,0.09,0.05,0.15,0.03
Pau Torres,esESP,DF,Aston Villa,28-085,19,19,1639,0,0,1,0,0.5,0.5,0.0,31,72,4,0.00,0.00,0.03,0.00
Conor Townsend,engENG,DF,Ipswich Town,32-038,5,3,306,0,1,1,0,0.0,0.0,0.7,2,7,12,0.00,0.29,0.01,0.19
Adama Traoré,esESP,"FW,MF",Fulham,29-076,29,16,1482,2,5,2,0,3.8,3.8,4.1,80,56,135,0.12,0.30,0.23,0.25
Boubacar Traoré,mlMLI,MF,Wolves,23-234,1,0,1,0,0,0,0,0.0,0.0,0.0,0,0,0,0.00,0.00,0.00,0.00
Mark Travers,ieIRL,GK,Bournemouth,25-328,5,5,450,0,0,0,0,0.0,0.0,0.0,0,0,0,0.00,0.00,0.00,0.00
Ryan Trevitt,engENG,MF,Brentford,22-030,1,0,4,0,0,0,0,0.0,0.0,0.0,0,0,1,0.00,0.00,0.00,0.00
Kieran Trippier,engENG,DF,Newcastle Utd,34-204,19,9,872,0,0,1,0,0.1,0.1,0.6,16,52,30,0.00,0.00,0.01,0.06
Leandro Trossard,beBEL,FW,Arsenal,30-128,31,22,2001,5,5,4,1,5.4,5.4,5.0,67,84,179,0.22,0.22,0.24,0.22
Kostas Tsimikas,grGRE,DF,Liverpool,28-334,14,5,517,0,1,2,0,0.1,0.1,1.0,13,53,25,0.00,0.17,0.02,0.18
Axel Tuanzebe,cdCOD,DF,Ipswich Town,27-148,16,15,1265,0,1,5,1,0.2,0.2,0.3,7,45,7,0.00,0.07,0.01,0.02
Destiny Udogie,itITA,DF,Tottenham,22-134,23,22,1744,0,1,2,0,0.3,0.3,1.4,51,117,92,0.00,0.05,0.02,0.07
Manuel Ugarte Ribeiro,uyURU,MF,Manchester Utd,24-000,23,18,1442,1,0,8,0,0.8,0.8,0.6,9,47,18,0.06,0.00,0.05,0.04
Lesley Ugochukwu,frFRA,MF,Southampton,21-016,20,12,1177,0,1,5,0,0.7,0.7,1.0,22,44,18,0.00,0.08,0.06,0.08
Enes Ünal,trTUR,"FW,MF",Bournemouth,27-336,17,2,345,2,1,2,0,2.7,2.7,0.4,4,12,22,0.52,0.26,0.72,0.10
Virgil van Dijk,nlNED,DF,Liverpool,33-277,31,31,2790,1,1,3,0,1.6,1.6,0.5,17,152,5,0.03,0.03,0.05,0.02
Jamie Vardy,engENG,FW,Leicester City,38-090,29,29,2361,7,3,5,0,9.4,8.6,2.9,27,20,103,0.27,0.11,0.36,0.11
Renato Veiga,ptPOR,"DF,MF",Chelsea,21-256,7,1,181,0,0,2,0,0.1,0.1,0.0,4,7,3,0.00,0.00,0.07,0.00
Joël Veltman,nlNED,DF,Brighton,33-086,19,19,1643,0,0,4,0,0.5,0.5,0.5,29,79,32,0.00,0.00,0.03,0.03
Micky van de Ven,nlNED,DF,Tottenham,23-357,11,10,905,0,2,4,0,0.6,0.6,1.2,8,47,1,0.00,0.20,0.06,0.12
Bart Verbruggen,nlNED,GK,Brighton,22-236,29,29,2610,0,1,5,0,0.0,0.0,0.0,0,2,0,0.00,0.03,0.00,0.00
Jannik Vestergaard,dkDEN,DF,Leicester City,32-251,18,16,1391,0,0,5,0,0.1,0.1,0.1,3,32,2,0.00,0.00,0.01,0.01
Guglielmo Vicario,itITA,GK,Tottenham,28-186,19,19,1710,0,0,1,0,0.0,0.0,0.0,0,1,0,0.00,0.00,0.00,0.00
Carlos Vinícius,brBRA,MF,Fulham,30-017,1,0,4,0,0,0,0,0.0,0.0,0.0,1,0,1,0.00,0.00,0.83,0.00
Kyle Walker,engENG,DF,Manchester City,34-318,15,9,970,0,0,3,0,0.1,0.1,0.4,12,64,11,0.00,0.00,0.01,0.04
Kyle Walker-Peters,engENG,DF,Southampton,27-363,29,29,2558,0,2,5,0,0.6,0.6,2.6,108,125,124,0.00,0.07,0.02,0.09
Christian Walton,engENG,GK,Ipswich Town,29-153,6,6,540,0,0,0,0,0.0,0.0,0.0,0,0,0,0.00,0.00,0.00,0.00
Aaron Wan-Bissaka,engENG,DF,West Ham,27-136,30,29,2614,2,2,1,0,1.0,1.0,2.5,91,116,126,0.07,0.07,0.03,0.09
Danny Ward,wlsWAL,GK,Leicester City,31-293,2,1,135,0,0,0,0,0.0,0.0,0.0,0,0,0,0.00,0.00,0.00,0.00
Joel Ward,engENG,DF,Crystal Palace,35-164,1,0,1,0,0,0,0,0.0,0.0,0.0,0,0,0,0.00,0.00,0.00,0.00
James Ward-Prowse,engENG,MF,West Ham,30-161,8,6,582,0,1,2,0,0.4,0.4,0.6,6,32,2,0.00,0.15,0.06,0.09
James Ward-Prowse,engENG,MF,Nott'ham Forest,30-161,9,5,400,0,1,2,1,0.1,0.1,1.1,1,16,3,0.00,0.23,0.01,0.25
Ollie Watkins,engENG,FW,Aston Villa,29-102,31,26,2142,13,6,1,0,13.9,12.3,2.7,47,22,133,0.55,0.25,0.58,0.11
Adam Webster,engENG,DF,Brighton,30-097,11,8,617,0,0,0,0,0.0,0.0,0.5,7,40,2,0.00,0.00,0.00,0.07
Danny Welbeck,engENG,FW,Brighton,34-136,24,18,1596,8,4,3,0,7.2,7.2,1.0,17,35,65,0.45,0.23,0.41,0.06
Welington,brBRA,"DF,MF",Southampton,24-051,6,3,209,0,0,1,0,0.0,0.0,0.0,3,6,10,0.00,0.00,0.00,0.02
Timo Werner,deGER,"FW,MF",Tottenham,29-036,18,4,516,0,3,0,0,1.0,1.0,2.5,42,30,89,0.00,0.52,0.17,0.44
Adam Wharton,engENG,MF,Crystal Palace,20-313,15,12,1009,0,0,2,0,0.3,0.3,2.3,11,98,10,0.00,0.00,0.02,0.20
Ben White,engENG,DF,Arsenal,27-185,12,8,766,0,1,2,0,0.4,0.4,0.7,5,34,19,0.00,0.12,0.04,0.08
Mats Wieffer,nlNED,MF,Brighton,25-146,19,4,514,1,1,4,0,0.5,0.5,0.8,5,37,9,0.18,0.18,0.09,0.14
Neco Williams,wlsWAL,DF,Nott'ham Forest,23-363,28,21,1964,1,2,5,0,2.1,2.1,1.4,53,69,75,0.05,0.09,0.10,0.07
Willian,brBRA,"MF,FW",Fulham,36-245,6,1,155,0,0,0,0,0.1,0.1,0.2,5,23,15,0.00,0.00,0.07,0.13
Joe Willock,engENG,"MF,FW",Newcastle Utd,25-234,26,9,843,0,2,2,0,0.9,0.9,1.6,30,34,68,0.00,0.21,0.10,0.17
Callum Wilson,engENG,FW,Newcastle Utd,33-043,10,1,207,0,0,1,0,0.3,0.3,0.1,4,3,7,0.00,0.00,0.15,0.03
Harry Wilson,wlsWAL,"FW,MF",Fulham,28-020,19,8,839,5,1,2,0,3.2,3.2,1.0,16,42,71,0.54,0.11,0.35,0.11
Harry Winks,engENG,MF,Leicester City,29-068,22,17,1538,0,2,4,0,0.2,0.2,1.2,19,101,11,0.00,0.12,0.01,0.07
Ben Winterburn,engENG,"FW,MF",Bournemouth,20-219,3,0,23,0,0,0,0,0.0,0.0,0.0,2,0,2,0.00,0.00,0.00,0.00
Yoane Wissa,cdCOD,FW,Brentford,28-220,28,27,2290,14,2,2,0,14.1,14.1,1.8,45,53,126,0.55,0.08,0.56,0.07
Chris Wood,nzNZL,FW,Nott'ham Forest,33-125,29,28,2344,18,3,1,0,11.0,8.7,1.9,13,33,72,0.69,0.12,0.42,0.07
Nathan Wood-Gordon,engENG,DF,Southampton,22-315,9,7,624,0,0,2,0,0.2,0.2,0.0,2,17,0,0.00,0.00,0.03,0.00
Luke Woolfenden,engENG,DF,Ipswich Town,26-172,13,10,1007,0,0,2,0,0.0,0.0,0.0,7,15,0,0.00,0.00,0.00,0.00
Yehor Yarmoliuk,uaUKR,MF,Brentford,21-041,24,9,942,0,0,3,0,0.6,0.6,0.3,12,40,40,0.00,0.00,0.06,0.03
Ryan Yates,engENG,MF,Nott'ham Forest,27-141,28,17,1726,2,1,8,0,2.3,2.3,1.1,17,45,12,0.10,0.05,0.12,0.06
Leny Yoro,frFRA,DF,Manchester Utd,19-149,16,9,877,0,0,4,0,0.7,0.7,0.0,15,43,4,0.00,0.00,0.07,0.00
Ashley Young,engENG,"DF,FW",Everton,39-276,27,17,1586,1,3,6,1,0.3,0.3,1.6,19,81,25,0.06,0.17,0.02,0.09
Illia Zabarnyi,uaUKR,DF,Bournemouth,22-222,29,29,2527,0,0,3,1,1.0,1.0,0.5,18,104,3,0.00,0.00,0.03,0.02
Oleksandr Zinchenko,uaUKR,"DF,MF",Arsenal,28-117,10,2,299,0,0,1,0,0.2,0.2,0.0,7,21,7,0.00,0.00,0.05,0.01
Joshua Zirkzee,nlNED,"FW,MF",Manchester Utd,23-324,31,13,1348,3,1,2,0,4.7,4.7,1.5,13,41,69,0.20,0.07,0.31,0.10
Martin Ødegaard,noNOR,MF,Arsenal,26-115,23,21,1836,2,4,3,0,4.2,3.4,4.1,66,192,125,0.10,0.20,0.21,0.20
